task,case,pattern,input,size_label,text_size,mode,threads,repeat,runtime_seconds,result,parem_depth,avg_R,max_R
search,aaa_search,aaa,data/benchmark_inputs/a_only_medium.txt,medium,1000000,sequential,1,0,0.00389313,ACCEPT,,,
search,aaa_search,aaa,data/benchmark_inputs/a_only_medium.txt,medium,1000000,sequential,1,1,0.00337172,ACCEPT,,,
search,aaa_search,aaa,data/benchmark_inputs/a_only_medium.txt,medium,1000000,sequential,1,2,0.00392548,ACCEPT,,,
search,aaa_search,aaa,data/benchmark_inputs/a_only_medium.txt,medium,1000000,parallel,1,0,0.00419248,ACCEPT,,,
search,aaa_search,aaa,data/benchmark_inputs/a_only_medium.txt,medium,1000000,parallel,1,1,0.00379038,ACCEPT,,,
search,aaa_search,aaa,data/benchmark_inputs/a_only_medium.txt,medium,1000000,parallel,1,2,0.00397509,ACCEPT,,,
search,aaa_search,aaa,data/benchmark_inputs/a_only_medium.txt,medium,1000000,parallel,2,0,0.00725168,ACCEPT,,,
search,aaa_search,aaa,data/benchmark_inputs/a_only_medium.txt,medium,1000000,parallel,2,1,0.00716353,ACCEPT,,,
search,aaa_search,aaa,data/benchmark_inputs/a_only_medium.txt,medium,1000000,parallel,2,2,0.00688768,ACCEPT,,,
search,aaa_search,aaa,data/benchmark_inputs/a_only_medium.txt,medium,1000000,parallel,4,0,0.00501079,ACCEPT,,,
search,aaa_search,aaa,data/benchmark_inputs/a_only_medium.txt,medium,1000000,parallel,4,1,0.00446161,ACCEPT,,,
search,aaa_search,aaa,data/benchmark_inputs/a_only_medium.txt,medium,1000000,parallel,4,2,0.00483244,ACCEPT,,,
search,aaa_search,aaa,data/benchmark_inputs/a_only_medium.txt,medium,1000000,parallel,8,0,0.00394392,ACCEPT,,,
search,aaa_search,aaa,data/benchmark_inputs/a_only_medium.txt,medium,1000000,parallel,8,1,0.00405807,ACCEPT,,,
search,aaa_search,aaa,data/benchmark_inputs/a_only_medium.txt,medium,1000000,parallel,8,2,0.00386161,ACCEPT,,,
search,aaa_search,aaa,data/benchmark_inputs/a_only_medium.txt,medium,1000000,parallel,16,0,0.00350766,ACCEPT,,,
search,aaa_search,aaa,data/benchmark_inputs/a_only_medium.txt,medium,1000000,parallel,16,1,0.00377721,ACCEPT,,,
search,aaa_search,aaa,data/benchmark_inputs/a_only_medium.txt,medium,1000000,parallel,16,2,0.00286721,ACCEPT,,,
search,aaa_search,aaa,data/benchmark_inputs/a_only_medium.txt,medium,1000000,pruned,1,0,0.00319929,ACCEPT,,,
search,aaa_search,aaa,data/benchmark_inputs/a_only_medium.txt,medium,1000000,pruned,1,1,0.00326083,ACCEPT,,,
search,aaa_search,aaa,data/benchmark_inputs/a_only_medium.txt,medium,1000000,pruned,1,2,0.00368027,ACCEPT,,,
search,aaa_search,aaa,data/benchmark_inputs/a_only_medium.txt,medium,1000000,pruned,2,0,0.00430401,ACCEPT,3,1,1
search,aaa_search,aaa,data/benchmark_inputs/a_only_medium.txt,medium,1000000,pruned,2,1,0.00351902,ACCEPT,3,1,1
search,aaa_search,aaa,data/benchmark_inputs/a_only_medium.txt,medium,1000000,pruned,2,2,0.00421103,ACCEPT,3,1,1
search,aaa_search,aaa,data/benchmark_inputs/a_only_medium.txt,medium,1000000,pruned,4,0,0.00370357,ACCEPT,3,1,1
search,aaa_search,aaa,data/benchmark_inputs/a_only_medium.txt,medium,1000000,pruned,4,1,0.00330582,ACCEPT,3,1,1
search,aaa_search,aaa,data/benchmark_inputs/a_only_medium.txt,medium,1000000,pruned,4,2,0.00338033,ACCEPT,3,1,1
search,aaa_search,aaa,data/benchmark_inputs/a_only_medium.txt,medium,1000000,pruned,8,0,0.00320935,ACCEPT,3,1,1
search,aaa_search,aaa,data/benchmark_inputs/a_only_medium.txt,medium,1000000,pruned,8,1,0.00293356,ACCEPT,3,1,1
search,aaa_search,aaa,data/benchmark_inputs/a_only_medium.txt,medium,1000000,pruned,8,2,0.00348023,ACCEPT,3,1,1
search,aaa_search,aaa,data/benchmark_inputs/a_only_medium.txt,medium,1000000,pruned,16,0,0.00259824,ACCEPT,3,1,1
search,aaa_search,aaa,data/benchmark_inputs/a_only_medium.txt,medium,1000000,pruned,16,1,0.00358133,ACCEPT,3,1,1
search,aaa_search,aaa,data/benchmark_inputs/a_only_medium.txt,medium,1000000,pruned,16,2,0.00320769,ACCEPT,3,1,1
search,aaa_search,aaa,data/benchmark_inputs/a_only_medium.txt,medium,1000000,sfa,1,0,0.00384180,ACCEPT,,,
search,aaa_search,aaa,data/benchmark_inputs/a_only_medium.txt,medium,1000000,sfa,1,1,0.00323664,ACCEPT,,,
search,aaa_search,aaa,data/benchmark_inputs/a_only_medium.txt,medium,1000000,sfa,1,2,0.00354356,ACCEPT,,,
search,aaa_search,aaa,data/benchmark_inputs/a_only_medium.txt,medium,1000000,sfa,2,0,0.00288387,ACCEPT,,,
search,aaa_search,aaa,data/benchmark_inputs/a_only_medium.txt,medium,1000000,sfa,2,1,0.00318726,ACCEPT,,,
search,aaa_search,aaa,data/benchmark_inputs/a_only_medium.txt,medium,1000000,sfa,2,2,0.00267877,ACCEPT,,,
search,aaa_search,aaa,data/benchmark_inputs/a_only_medium.txt,medium,1000000,sfa,4,0,0.00276406,ACCEPT,,,
search,aaa_search,aaa,data/benchmark_inputs/a_only_medium.txt,medium,1000000,sfa,4,1,0.00315229,ACCEPT,,,
search,aaa_search,aaa,data/benchmark_inputs/a_only_medium.txt,medium,1000000,sfa,4,2,0.00322302,ACCEPT,,,
search,aaa_search,aaa,data/benchmark_inputs/a_only_medium.txt,medium,1000000,sfa,8,0,0.00320447,ACCEPT,,,
search,aaa_search,aaa,data/benchmark_inputs/a_only_medium.txt,medium,1000000,sfa,8,1,0.00274427,ACCEPT,,,
search,aaa_search,aaa,data/benchmark_inputs/a_only_medium.txt,medium,1000000,sfa,8,2,0.00247693,ACCEPT,,,
search,aaa_search,aaa,data/benchmark_inputs/a_only_medium.txt,medium,1000000,sfa,16,0,0.00311580,ACCEPT,,,
search,aaa_search,aaa,data/benchmark_inputs/a_only_medium.txt,medium,1000000,sfa,16,1,0.00240711,ACCEPT,,,
search,aaa_search,aaa,data/benchmark_inputs/a_only_medium.txt,medium,1000000,sfa,16,2,0.00321121,ACCEPT,,,
search,aaa_search,aaa,data/benchmark_inputs/a_only_large.txt,large,50000000,sequential,1,0,0.08050872,ACCEPT,,,
search,aaa_search,aaa,data/benchmark_inputs/a_only_large.txt,large,50000000,sequential,1,1,0.08179237,ACCEPT,,,
search,aaa_search,aaa,data/benchmark_inputs/a_only_large.txt,large,50000000,sequential,1,2,0.07986311,ACCEPT,,,
search,aaa_search,aaa,data/benchmark_inputs/a_only_large.txt,large,50000000,parallel,1,0,0.08109189,ACCEPT,,,
search,aaa_search,aaa,data/benchmark_inputs/a_only_large.txt,large,50000000,parallel,1,1,0.08114351,ACCEPT,,,
search,aaa_search,aaa,data/benchmark_inputs/a_only_large.txt,large,50000000,parallel,1,2,0.08186896,ACCEPT,,,
search,aaa_search,aaa,data/benchmark_inputs/a_only_large.txt,large,50000000,parallel,2,0,0.15412168,ACCEPT,,,
search,aaa_search,aaa,data/benchmark_inputs/a_only_large.txt,large,50000000,parallel,2,1,0.14383631,ACCEPT,,,
search,aaa_search,aaa,data/benchmark_inputs/a_only_large.txt,large,50000000,parallel,2,2,0.14958833,ACCEPT,,,
search,aaa_search,aaa,data/benchmark_inputs/a_only_large.txt,large,50000000,parallel,4,0,0.09473703,ACCEPT,,,
search,aaa_search,aaa,data/benchmark_inputs/a_only_large.txt,large,50000000,parallel,4,1,0.09663815,ACCEPT,,,
search,aaa_search,aaa,data/benchmark_inputs/a_only_large.txt,large,50000000,parallel,4,2,0.09481239,ACCEPT,,,
search,aaa_search,aaa,data/benchmark_inputs/a_only_large.txt,large,50000000,parallel,8,0,0.07765173,ACCEPT,,,
search,aaa_search,aaa,data/benchmark_inputs/a_only_large.txt,large,50000000,parallel,8,1,0.07555367,ACCEPT,,,
search,aaa_search,aaa,data/benchmark_inputs/a_only_large.txt,large,50000000,parallel,8,2,0.07474737,ACCEPT,,,
search,aaa_search,aaa,data/benchmark_inputs/a_only_large.txt,large,50000000,parallel,16,0,0.06158266,ACCEPT,,,
search,aaa_search,aaa,data/benchmark_inputs/a_only_large.txt,large,50000000,parallel,16,1,0.06184353,ACCEPT,,,
search,aaa_search,aaa,data/benchmark_inputs/a_only_large.txt,large,50000000,parallel,16,2,0.06149312,ACCEPT,,,
search,aaa_search,aaa,data/benchmark_inputs/a_only_large.txt,large,50000000,pruned,1,0,0.08130305,ACCEPT,,,
search,aaa_search,aaa,data/benchmark_inputs/a_only_large.txt,large,50000000,pruned,1,1,0.08164634,ACCEPT,,,
search,aaa_search,aaa,data/benchmark_inputs/a_only_large.txt,large,50000000,pruned,1,2,0.08177014,ACCEPT,,,
search,aaa_search,aaa,data/benchmark_inputs/a_only_large.txt,large,50000000,pruned,2,0,0.08536808,ACCEPT,3,1,1
search,aaa_search,aaa,data/benchmark_inputs/a_only_large.txt,large,50000000,pruned,2,1,0.08991599,ACCEPT,3,1,1
search,aaa_search,aaa,data/benchmark_inputs/a_only_large.txt,large,50000000,pruned,2,2,0.08423705,ACCEPT,3,1,1
search,aaa_search,aaa,data/benchmark_inputs/a_only_large.txt,large,50000000,pruned,4,0,0.06584369,ACCEPT,3,1,1
search,aaa_search,aaa,data/benchmark_inputs/a_only_large.txt,large,50000000,pruned,4,1,0.06304627,ACCEPT,3,1,1
search,aaa_search,aaa,data/benchmark_inputs/a_only_large.txt,large,50000000,pruned,4,2,0.06805706,ACCEPT,3,1,1
search,aaa_search,aaa,data/benchmark_inputs/a_only_large.txt,large,50000000,pruned,8,0,0.05136976,ACCEPT,3,1,1
search,aaa_search,aaa,data/benchmark_inputs/a_only_large.txt,large,50000000,pruned,8,1,0.05385656,ACCEPT,3,1,1
search,aaa_search,aaa,data/benchmark_inputs/a_only_large.txt,large,50000000,pruned,8,2,0.05478766,ACCEPT,3,1,1
search,aaa_search,aaa,data/benchmark_inputs/a_only_large.txt,large,50000000,pruned,16,0,0.04933884,ACCEPT,3,1,1
search,aaa_search,aaa,data/benchmark_inputs/a_only_large.txt,large,50000000,pruned,16,1,0.04183796,ACCEPT,3,1,1
search,aaa_search,aaa,data/benchmark_inputs/a_only_large.txt,large,50000000,pruned,16,2,0.04260081,ACCEPT,3,1,1
search,aaa_search,aaa,data/benchmark_inputs/a_only_large.txt,large,50000000,sfa,1,0,0.08130484,ACCEPT,,,
search,aaa_search,aaa,data/benchmark_inputs/a_only_large.txt,large,50000000,sfa,1,1,0.08320380,ACCEPT,,,
search,aaa_search,aaa,data/benchmark_inputs/a_only_large.txt,large,50000000,sfa,1,2,0.08648627,ACCEPT,,,
search,aaa_search,aaa,data/benchmark_inputs/a_only_large.txt,large,50000000,sfa,2,0,0.06178553,ACCEPT,,,
search,aaa_search,aaa,data/benchmark_inputs/a_only_large.txt,large,50000000,sfa,2,1,0.06207890,ACCEPT,,,
search,aaa_search,aaa,data/benchmark_inputs/a_only_large.txt,large,50000000,sfa,2,2,0.06196564,ACCEPT,,,
search,aaa_search,aaa,data/benchmark_inputs/a_only_large.txt,large,50000000,sfa,4,0,0.05095546,ACCEPT,,,
search,aaa_search,aaa,data/benchmark_inputs/a_only_large.txt,large,50000000,sfa,4,1,0.04862500,ACCEPT,,,
search,aaa_search,aaa,data/benchmark_inputs/a_only_large.txt,large,50000000,sfa,4,2,0.05122453,ACCEPT,,,
search,aaa_search,aaa,data/benchmark_inputs/a_only_large.txt,large,50000000,sfa,8,0,0.04606469,ACCEPT,,,
search,aaa_search,aaa,data/benchmark_inputs/a_only_large.txt,large,50000000,sfa,8,1,0.04223220,ACCEPT,,,
search,aaa_search,aaa,data/benchmark_inputs/a_only_large.txt,large,50000000,sfa,8,2,0.04467024,ACCEPT,,,
search,aaa_search,aaa,data/benchmark_inputs/a_only_large.txt,large,50000000,sfa,16,0,0.03974288,ACCEPT,,,
search,aaa_search,aaa,data/benchmark_inputs/a_only_large.txt,large,50000000,sfa,16,1,0.03694673,ACCEPT,,,
search,aaa_search,aaa,data/benchmark_inputs/a_only_large.txt,large,50000000,sfa,16,2,0.03686371,ACCEPT,,,
search,aaa_search,aaa,data/benchmark_inputs/a_only_huge.txt,huge,500000000,sequential,1,0,0.73983763,ACCEPT,,,
search,aaa_search,aaa,data/benchmark_inputs/a_only_huge.txt,huge,500000000,sequential,1,1,0.73714468,ACCEPT,,,
search,aaa_search,aaa,data/benchmark_inputs/a_only_huge.txt,huge,500000000,sequential,1,2,0.74828648,ACCEPT,,,
search,aaa_search,aaa,data/benchmark_inputs/a_only_huge.txt,huge,500000000,parallel,1,0,0.76783025,ACCEPT,,,
search,aaa_search,aaa,data/benchmark_inputs/a_only_huge.txt,huge,500000000,parallel,1,1,0.74504108,ACCEPT,,,
search,aaa_search,aaa,data/benchmark_inputs/a_only_huge.txt,huge,500000000,parallel,1,2,0.75952900,ACCEPT,,,
search,aaa_search,aaa,data/benchmark_inputs/a_only_huge.txt,huge,500000000,parallel,2,0,1.35562486,ACCEPT,,,
search,aaa_search,aaa,data/benchmark_inputs/a_only_huge.txt,huge,500000000,parallel,2,1,1.33614323,ACCEPT,,,
search,aaa_search,aaa,data/benchmark_inputs/a_only_huge.txt,huge,500000000,parallel,2,2,1.33380541,ACCEPT,,,
search,aaa_search,aaa,data/benchmark_inputs/a_only_huge.txt,huge,500000000,parallel,4,0,0.80616967,ACCEPT,,,
search,aaa_search,aaa,data/benchmark_inputs/a_only_huge.txt,huge,500000000,parallel,4,1,0.81805549,ACCEPT,,,
search,aaa_search,aaa,data/benchmark_inputs/a_only_huge.txt,huge,500000000,parallel,4,2,0.80395946,ACCEPT,,,
search,aaa_search,aaa,data/benchmark_inputs/a_only_huge.txt,huge,500000000,parallel,8,0,0.63791162,ACCEPT,,,
search,aaa_search,aaa,data/benchmark_inputs/a_only_huge.txt,huge,500000000,parallel,8,1,0.54394668,ACCEPT,,,
search,aaa_search,aaa,data/benchmark_inputs/a_only_huge.txt,huge,500000000,parallel,8,2,0.56249615,ACCEPT,,,
search,aaa_search,aaa,data/benchmark_inputs/a_only_huge.txt,huge,500000000,parallel,16,0,0.49520790,ACCEPT,,,
search,aaa_search,aaa,data/benchmark_inputs/a_only_huge.txt,huge,500000000,parallel,16,1,0.49947119,ACCEPT,,,
search,aaa_search,aaa,data/benchmark_inputs/a_only_huge.txt,huge,500000000,parallel,16,2,0.51081155,ACCEPT,,,
search,aaa_search,aaa,data/benchmark_inputs/a_only_huge.txt,huge,500000000,pruned,1,0,0.75926883,ACCEPT,,,
search,aaa_search,aaa,data/benchmark_inputs/a_only_huge.txt,huge,500000000,pruned,1,1,0.76517382,ACCEPT,,,
search,aaa_search,aaa,data/benchmark_inputs/a_only_huge.txt,huge,500000000,pruned,1,2,0.76496266,ACCEPT,,,
search,aaa_search,aaa,data/benchmark_inputs/a_only_huge.txt,huge,500000000,pruned,2,0,0.73375900,ACCEPT,3,1,1
search,aaa_search,aaa,data/benchmark_inputs/a_only_huge.txt,huge,500000000,pruned,2,1,0.75417598,ACCEPT,3,1,1
search,aaa_search,aaa,data/benchmark_inputs/a_only_huge.txt,huge,500000000,pruned,2,2,0.74899400,ACCEPT,3,1,1
search,aaa_search,aaa,data/benchmark_inputs/a_only_huge.txt,huge,500000000,pruned,4,0,0.53284231,ACCEPT,3,1,1
search,aaa_search,aaa,data/benchmark_inputs/a_only_huge.txt,huge,500000000,pruned,4,1,0.53067766,ACCEPT,3,1,1
search,aaa_search,aaa,data/benchmark_inputs/a_only_huge.txt,huge,500000000,pruned,4,2,0.53827158,ACCEPT,3,1,1
search,aaa_search,aaa,data/benchmark_inputs/a_only_huge.txt,huge,500000000,pruned,8,0,0.41225966,ACCEPT,3,1,1
search,aaa_search,aaa,data/benchmark_inputs/a_only_huge.txt,huge,500000000,pruned,8,1,0.42591464,ACCEPT,3,1,1
search,aaa_search,aaa,data/benchmark_inputs/a_only_huge.txt,huge,500000000,pruned,8,2,0.40691966,ACCEPT,3,1,1
search,aaa_search,aaa,data/benchmark_inputs/a_only_huge.txt,huge,500000000,pruned,16,0,0.37335777,ACCEPT,3,1,1
search,aaa_search,aaa,data/benchmark_inputs/a_only_huge.txt,huge,500000000,pruned,16,1,0.36823214,ACCEPT,3,1,1
search,aaa_search,aaa,data/benchmark_inputs/a_only_huge.txt,huge,500000000,pruned,16,2,0.37137864,ACCEPT,3,1,1
search,aaa_search,aaa,data/benchmark_inputs/a_only_huge.txt,huge,500000000,sfa,1,0,0.77088064,ACCEPT,,,
search,aaa_search,aaa,data/benchmark_inputs/a_only_huge.txt,huge,500000000,sfa,1,1,0.77825137,ACCEPT,,,
search,aaa_search,aaa,data/benchmark_inputs/a_only_huge.txt,huge,500000000,sfa,1,2,0.76699044,ACCEPT,,,
search,aaa_search,aaa,data/benchmark_inputs/a_only_huge.txt,huge,500000000,sfa,2,0,0.52705640,ACCEPT,,,
search,aaa_search,aaa,data/benchmark_inputs/a_only_huge.txt,huge,500000000,sfa,2,1,0.52872267,ACCEPT,,,
search,aaa_search,aaa,data/benchmark_inputs/a_only_huge.txt,huge,500000000,sfa,2,2,0.53752827,ACCEPT,,,
search,aaa_search,aaa,data/benchmark_inputs/a_only_huge.txt,huge,500000000,sfa,4,0,0.40767101,ACCEPT,,,
search,aaa_search,aaa,data/benchmark_inputs/a_only_huge.txt,huge,500000000,sfa,4,1,0.40642478,ACCEPT,,,
search,aaa_search,aaa,data/benchmark_inputs/a_only_huge.txt,huge,500000000,sfa,4,2,0.40717559,ACCEPT,,,
search,aaa_search,aaa,data/benchmark_inputs/a_only_huge.txt,huge,500000000,sfa,8,0,0.34909437,ACCEPT,,,
search,aaa_search,aaa,data/benchmark_inputs/a_only_huge.txt,huge,500000000,sfa,8,1,0.35844221,ACCEPT,,,
search,aaa_search,aaa,data/benchmark_inputs/a_only_huge.txt,huge,500000000,sfa,8,2,0.35210364,ACCEPT,,,
search,aaa_search,aaa,data/benchmark_inputs/a_only_huge.txt,huge,500000000,sfa,16,0,0.32038096,ACCEPT,,,
search,aaa_search,aaa,data/benchmark_inputs/a_only_huge.txt,huge,500000000,sfa,16,1,0.32687247,ACCEPT,,,
search,aaa_search,aaa,data/benchmark_inputs/a_only_huge.txt,huge,500000000,sfa,16,2,0.31982431,ACCEPT,,,
search,aaa_search,aaa,data/benchmark_inputs/a_only_gigantic.txt,gigantic,1000000000,sequential,1,0,1.46937409,ACCEPT,,,
search,aaa_search,aaa,data/benchmark_inputs/a_only_gigantic.txt,gigantic,1000000000,sequential,1,1,1.45589683,ACCEPT,,,
search,aaa_search,aaa,data/benchmark_inputs/a_only_gigantic.txt,gigantic,1000000000,sequential,1,2,1.45335437,ACCEPT,,,
search,aaa_search,aaa,data/benchmark_inputs/a_only_gigantic.txt,gigantic,1000000000,parallel,1,0,1.50369206,ACCEPT,,,
search,aaa_search,aaa,data/benchmark_inputs/a_only_gigantic.txt,gigantic,1000000000,parallel,1,1,1.49309265,ACCEPT,,,
search,aaa_search,aaa,data/benchmark_inputs/a_only_gigantic.txt,gigantic,1000000000,parallel,1,2,1.46412087,ACCEPT,,,
search,aaa_search,aaa,data/benchmark_inputs/a_only_gigantic.txt,gigantic,1000000000,parallel,2,0,2.66552707,ACCEPT,,,
search,aaa_search,aaa,data/benchmark_inputs/a_only_gigantic.txt,gigantic,1000000000,parallel,2,1,2.69330380,ACCEPT,,,
search,aaa_search,aaa,data/benchmark_inputs/a_only_gigantic.txt,gigantic,1000000000,parallel,2,2,2.67933362,ACCEPT,,,
search,aaa_search,aaa,data/benchmark_inputs/a_only_gigantic.txt,gigantic,1000000000,parallel,4,0,1.59507585,ACCEPT,,,
search,aaa_search,aaa,data/benchmark_inputs/a_only_gigantic.txt,gigantic,1000000000,parallel,4,1,1.63622929,ACCEPT,,,
search,aaa_search,aaa,data/benchmark_inputs/a_only_gigantic.txt,gigantic,1000000000,parallel,4,2,1.60468576,ACCEPT,,,
search,aaa_search,aaa,data/benchmark_inputs/a_only_gigantic.txt,gigantic,1000000000,parallel,8,0,1.06660760,ACCEPT,,,
search,aaa_search,aaa,data/benchmark_inputs/a_only_gigantic.txt,gigantic,1000000000,parallel,8,1,1.13040410,ACCEPT,,,
search,aaa_search,aaa,data/benchmark_inputs/a_only_gigantic.txt,gigantic,1000000000,parallel,8,2,1.16383651,ACCEPT,,,
search,aaa_search,aaa,data/benchmark_inputs/a_only_gigantic.txt,gigantic,1000000000,parallel,16,0,0.96994428,ACCEPT,,,
search,aaa_search,aaa,data/benchmark_inputs/a_only_gigantic.txt,gigantic,1000000000,parallel,16,1,0.97619252,ACCEPT,,,
search,aaa_search,aaa,data/benchmark_inputs/a_only_gigantic.txt,gigantic,1000000000,parallel,16,2,0.96154272,ACCEPT,,,
search,aaa_search,aaa,data/benchmark_inputs/a_only_gigantic.txt,gigantic,1000000000,pruned,1,0,1.51831671,ACCEPT,,,
search,aaa_search,aaa,data/benchmark_inputs/a_only_gigantic.txt,gigantic,1000000000,pruned,1,1,1.51708578,ACCEPT,,,
search,aaa_search,aaa,data/benchmark_inputs/a_only_gigantic.txt,gigantic,1000000000,pruned,1,2,1.50316459,ACCEPT,,,
search,aaa_search,aaa,data/benchmark_inputs/a_only_gigantic.txt,gigantic,1000000000,pruned,2,0,1.48582542,ACCEPT,3,1,1
search,aaa_search,aaa,data/benchmark_inputs/a_only_gigantic.txt,gigantic,1000000000,pruned,2,1,1.46171458,ACCEPT,3,1,1
search,aaa_search,aaa,data/benchmark_inputs/a_only_gigantic.txt,gigantic,1000000000,pruned,2,2,1.48419039,ACCEPT,3,1,1
search,aaa_search,aaa,data/benchmark_inputs/a_only_gigantic.txt,gigantic,1000000000,pruned,4,0,0.99730818,ACCEPT,3,1,1
search,aaa_search,aaa,data/benchmark_inputs/a_only_gigantic.txt,gigantic,1000000000,pruned,4,1,0.99466734,ACCEPT,3,1,1
search,aaa_search,aaa,data/benchmark_inputs/a_only_gigantic.txt,gigantic,1000000000,pruned,4,2,1.04054340,ACCEPT,3,1,1
search,aaa_search,aaa,data/benchmark_inputs/a_only_gigantic.txt,gigantic,1000000000,pruned,8,0,0.79662194,ACCEPT,3,1,1
search,aaa_search,aaa,data/benchmark_inputs/a_only_gigantic.txt,gigantic,1000000000,pruned,8,1,0.79813061,ACCEPT,3,1,1
search,aaa_search,aaa,data/benchmark_inputs/a_only_gigantic.txt,gigantic,1000000000,pruned,8,2,0.76462586,ACCEPT,3,1,1
search,aaa_search,aaa,data/benchmark_inputs/a_only_gigantic.txt,gigantic,1000000000,pruned,16,0,0.72268115,ACCEPT,3,1,1
search,aaa_search,aaa,data/benchmark_inputs/a_only_gigantic.txt,gigantic,1000000000,pruned,16,1,0.72119262,ACCEPT,3,1,1
search,aaa_search,aaa,data/benchmark_inputs/a_only_gigantic.txt,gigantic,1000000000,pruned,16,2,0.72085913,ACCEPT,3,1,1
search,aaa_search,aaa,data/benchmark_inputs/a_only_gigantic.txt,gigantic,1000000000,sfa,1,0,1.51846007,ACCEPT,,,
search,aaa_search,aaa,data/benchmark_inputs/a_only_gigantic.txt,gigantic,1000000000,sfa,1,1,1.47447239,ACCEPT,,,
search,aaa_search,aaa,data/benchmark_inputs/a_only_gigantic.txt,gigantic,1000000000,sfa,1,2,1.48190921,ACCEPT,,,
search,aaa_search,aaa,data/benchmark_inputs/a_only_gigantic.txt,gigantic,1000000000,sfa,2,0,0.99786209,ACCEPT,,,
search,aaa_search,aaa,data/benchmark_inputs/a_only_gigantic.txt,gigantic,1000000000,sfa,2,1,1.03412449,ACCEPT,,,
search,aaa_search,aaa,data/benchmark_inputs/a_only_gigantic.txt,gigantic,1000000000,sfa,2,2,1.03262497,ACCEPT,,,
search,aaa_search,aaa,data/benchmark_inputs/a_only_gigantic.txt,gigantic,1000000000,sfa,4,0,0.76938458,ACCEPT,,,
search,aaa_search,aaa,data/benchmark_inputs/a_only_gigantic.txt,gigantic,1000000000,sfa,4,1,0.80443817,ACCEPT,,,
search,aaa_search,aaa,data/benchmark_inputs/a_only_gigantic.txt,gigantic,1000000000,sfa,4,2,0.80599236,ACCEPT,,,
search,aaa_search,aaa,data/benchmark_inputs/a_only_gigantic.txt,gigantic,1000000000,sfa,8,0,0.67966550,ACCEPT,,,
search,aaa_search,aaa,data/benchmark_inputs/a_only_gigantic.txt,gigantic,1000000000,sfa,8,1,0.68709346,ACCEPT,,,
search,aaa_search,aaa,data/benchmark_inputs/a_only_gigantic.txt,gigantic,1000000000,sfa,8,2,0.64314806,ACCEPT,,,
search,aaa_search,aaa,data/benchmark_inputs/a_only_gigantic.txt,gigantic,1000000000,sfa,16,0,0.62533202,ACCEPT,,,
search,aaa_search,aaa,data/benchmark_inputs/a_only_gigantic.txt,gigantic,1000000000,sfa,16,1,0.62949775,ACCEPT,,,
search,aaa_search,aaa,data/benchmark_inputs/a_only_gigantic.txt,gigantic,1000000000,sfa,16,2,0.59895303,ACCEPT,,,
search,abc_search,abc,data/benchmark_inputs/abc_random_medium.txt,medium,1000000,sequential,1,0,0.00487677,ACCEPT,,,
search,abc_search,abc,data/benchmark_inputs/abc_random_medium.txt,medium,1000000,sequential,1,1,0.00443155,ACCEPT,,,
search,abc_search,abc,data/benchmark_inputs/abc_random_medium.txt,medium,1000000,sequential,1,2,0.00394727,ACCEPT,,,
search,abc_search,abc,data/benchmark_inputs/abc_random_medium.txt,medium,1000000,parallel,1,0,0.00385610,ACCEPT,,,
search,abc_search,abc,data/benchmark_inputs/abc_random_medium.txt,medium,1000000,parallel,1,1,0.00393840,ACCEPT,,,
search,abc_search,abc,data/benchmark_inputs/abc_random_medium.txt,medium,1000000,parallel,1,2,0.00413753,ACCEPT,,,
search,abc_search,abc,data/benchmark_inputs/abc_random_medium.txt,medium,1000000,parallel,2,0,0.00829558,ACCEPT,,,
search,abc_search,abc,data/benchmark_inputs/abc_random_medium.txt,medium,1000000,parallel,2,1,0.00988974,ACCEPT,,,
search,abc_search,abc,data/benchmark_inputs/abc_random_medium.txt,medium,1000000,parallel,2,2,0.00963100,ACCEPT,,,
search,abc_search,abc,data/benchmark_inputs/abc_random_medium.txt,medium,1000000,parallel,4,0,0.00676256,ACCEPT,,,
search,abc_search,abc,data/benchmark_inputs/abc_random_medium.txt,medium,1000000,parallel,4,1,0.00648109,ACCEPT,,,
search,abc_search,abc,data/benchmark_inputs/abc_random_medium.txt,medium,1000000,parallel,4,2,0.00653776,ACCEPT,,,
search,abc_search,abc,data/benchmark_inputs/abc_random_medium.txt,medium,1000000,parallel,8,0,0.00460948,ACCEPT,,,
search,abc_search,abc,data/benchmark_inputs/abc_random_medium.txt,medium,1000000,parallel,8,1,0.00459314,ACCEPT,,,
search,abc_search,abc,data/benchmark_inputs/abc_random_medium.txt,medium,1000000,parallel,8,2,0.00481947,ACCEPT,,,
search,abc_search,abc,data/benchmark_inputs/abc_random_medium.txt,medium,1000000,parallel,16,0,0.00339789,ACCEPT,,,
search,abc_search,abc,data/benchmark_inputs/abc_random_medium.txt,medium,1000000,parallel,16,1,0.00396825,ACCEPT,,,
search,abc_search,abc,data/benchmark_inputs/abc_random_medium.txt,medium,1000000,parallel,16,2,0.00400505,ACCEPT,,,
search,abc_search,abc,data/benchmark_inputs/abc_random_medium.txt,medium,1000000,pruned,1,0,0.00364033,ACCEPT,,,
search,abc_search,abc,data/benchmark_inputs/abc_random_medium.txt,medium,1000000,pruned,1,1,0.00362650,ACCEPT,,,
search,abc_search,abc,data/benchmark_inputs/abc_random_medium.txt,medium,1000000,pruned,1,2,0.00332882,ACCEPT,,,
search,abc_search,abc,data/benchmark_inputs/abc_random_medium.txt,medium,1000000,pruned,2,0,0.00374895,ACCEPT,3,2,2
search,abc_search,abc,data/benchmark_inputs/abc_random_medium.txt,medium,1000000,pruned,2,1,0.00424746,ACCEPT,3,2,2
search,abc_search,abc,data/benchmark_inputs/abc_random_medium.txt,medium,1000000,pruned,2,2,0.00480797,ACCEPT,3,2,2
search,abc_search,abc,data/benchmark_inputs/abc_random_medium.txt,medium,1000000,pruned,4,0,0.00410094,ACCEPT,3,2,2
search,abc_search,abc,data/benchmark_inputs/abc_random_medium.txt,medium,1000000,pruned,4,1,0.00367589,ACCEPT,3,2,2
search,abc_search,abc,data/benchmark_inputs/abc_random_medium.txt,medium,1000000,pruned,4,2,0.00409672,ACCEPT,3,2,2
search,abc_search,abc,data/benchmark_inputs/abc_random_medium.txt,medium,1000000,pruned,8,0,0.00377994,ACCEPT,3,2,2
search,abc_search,abc,data/benchmark_inputs/abc_random_medium.txt,medium,1000000,pruned,8,1,0.00341035,ACCEPT,3,2,2
search,abc_search,abc,data/benchmark_inputs/abc_random_medium.txt,medium,1000000,pruned,8,2,0.00347748,ACCEPT,3,2,2
search,abc_search,abc,data/benchmark_inputs/abc_random_medium.txt,medium,1000000,pruned,16,0,0.00375831,ACCEPT,3,2,2
search,abc_search,abc,data/benchmark_inputs/abc_random_medium.txt,medium,1000000,pruned,16,1,0.00296758,ACCEPT,3,2,2
search,abc_search,abc,data/benchmark_inputs/abc_random_medium.txt,medium,1000000,pruned,16,2,0.00387304,ACCEPT,3,2,2
search,abc_search,abc,data/benchmark_inputs/abc_random_medium.txt,medium,1000000,sfa,1,0,0.00394408,ACCEPT,,,
search,abc_search,abc,data/benchmark_inputs/abc_random_medium.txt,medium,1000000,sfa,1,1,0.00351623,ACCEPT,,,
search,abc_search,abc,data/benchmark_inputs/abc_random_medium.txt,medium,1000000,sfa,1,2,0.00335038,ACCEPT,,,
search,abc_search,abc,data/benchmark_inputs/abc_random_medium.txt,medium,1000000,sfa,2,0,0.00310357,ACCEPT,,,
search,abc_search,abc,data/benchmark_inputs/abc_random_medium.txt,medium,1000000,sfa,2,1,0.00302878,ACCEPT,,,
search,abc_search,abc,data/benchmark_inputs/abc_random_medium.txt,medium,1000000,sfa,2,2,0.00295339,ACCEPT,,,
search,abc_search,abc,data/benchmark_inputs/abc_random_medium.txt,medium,1000000,sfa,4,0,0.00319017,ACCEPT,,,
search,abc_search,abc,data/benchmark_inputs/abc_random_medium.txt,medium,1000000,sfa,4,1,0.00322337,ACCEPT,,,
search,abc_search,abc,data/benchmark_inputs/abc_random_medium.txt,medium,1000000,sfa,4,2,0.00284517,ACCEPT,,,
search,abc_search,abc,data/benchmark_inputs/abc_random_medium.txt,medium,1000000,sfa,8,0,0.00324826,ACCEPT,,,
search,abc_search,abc,data/benchmark_inputs/abc_random_medium.txt,medium,1000000,sfa,8,1,0.00302496,ACCEPT,,,
search,abc_search,abc,data/benchmark_inputs/abc_random_medium.txt,medium,1000000,sfa,8,2,0.00318356,ACCEPT,,,
search,abc_search,abc,data/benchmark_inputs/abc_random_medium.txt,medium,1000000,sfa,16,0,0.00310327,ACCEPT,,,
search,abc_search,abc,data/benchmark_inputs/abc_random_medium.txt,medium,1000000,sfa,16,1,0.00354489,ACCEPT,,,
search,abc_search,abc,data/benchmark_inputs/abc_random_medium.txt,medium,1000000,sfa,16,2,0.00297641,ACCEPT,,,
search,abc_search,abc,data/benchmark_inputs/abc_random_large.txt,large,50000000,sequential,1,0,0.08264757,ACCEPT,,,
search,abc_search,abc,data/benchmark_inputs/abc_random_large.txt,large,50000000,sequential,1,1,0.08096202,ACCEPT,,,
search,abc_search,abc,data/benchmark_inputs/abc_random_large.txt,large,50000000,sequential,1,2,0.08022906,ACCEPT,,,
search,abc_search,abc,data/benchmark_inputs/abc_random_large.txt,large,50000000,parallel,1,0,0.07812215,ACCEPT,,,
search,abc_search,abc,data/benchmark_inputs/abc_random_large.txt,large,50000000,parallel,1,1,0.08219117,ACCEPT,,,
search,abc_search,abc,data/benchmark_inputs/abc_random_large.txt,large,50000000,parallel,1,2,0.09316461,ACCEPT,,,
search,abc_search,abc,data/benchmark_inputs/abc_random_large.txt,large,50000000,parallel,2,0,0.22256747,ACCEPT,,,
search,abc_search,abc,data/benchmark_inputs/abc_random_large.txt,large,50000000,parallel,2,1,0.22184430,ACCEPT,,,
search,abc_search,abc,data/benchmark_inputs/abc_random_large.txt,large,50000000,parallel,2,2,0.22229174,ACCEPT,,,
search,abc_search,abc,data/benchmark_inputs/abc_random_large.txt,large,50000000,parallel,4,0,0.13249192,ACCEPT,,,
search,abc_search,abc,data/benchmark_inputs/abc_random_large.txt,large,50000000,parallel,4,1,0.13566092,ACCEPT,,,
search,abc_search,abc,data/benchmark_inputs/abc_random_large.txt,large,50000000,parallel,4,2,0.13798801,ACCEPT,,,
search,abc_search,abc,data/benchmark_inputs/abc_random_large.txt,large,50000000,parallel,8,0,0.10273128,ACCEPT,,,
search,abc_search,abc,data/benchmark_inputs/abc_random_large.txt,large,50000000,parallel,8,1,0.09568984,ACCEPT,,,
search,abc_search,abc,data/benchmark_inputs/abc_random_large.txt,large,50000000,parallel,8,2,0.09299082,ACCEPT,,,
search,abc_search,abc,data/benchmark_inputs/abc_random_large.txt,large,50000000,parallel,16,0,0.07657167,ACCEPT,,,
search,abc_search,abc,data/benchmark_inputs/abc_random_large.txt,large,50000000,parallel,16,1,0.07553055,ACCEPT,,,
search,abc_search,abc,data/benchmark_inputs/abc_random_large.txt,large,50000000,parallel,16,2,0.07778545,ACCEPT,,,
search,abc_search,abc,data/benchmark_inputs/abc_random_large.txt,large,50000000,pruned,1,0,0.08175403,ACCEPT,,,
search,abc_search,abc,data/benchmark_inputs/abc_random_large.txt,large,50000000,pruned,1,1,0.08152576,ACCEPT,,,
search,abc_search,abc,data/benchmark_inputs/abc_random_large.txt,large,50000000,pruned,1,2,0.08222123,ACCEPT,,,
search,abc_search,abc,data/benchmark_inputs/abc_random_large.txt,large,50000000,pruned,2,0,0.10250097,ACCEPT,3,2,2
search,abc_search,abc,data/benchmark_inputs/abc_random_large.txt,large,50000000,pruned,2,1,0.10123067,ACCEPT,3,2,2
search,abc_search,abc,data/benchmark_inputs/abc_random_large.txt,large,50000000,pruned,2,2,0.10194071,ACCEPT,3,2,2
search,abc_search,abc,data/benchmark_inputs/abc_random_large.txt,large,50000000,pruned,4,0,0.07513696,ACCEPT,3,2,2
search,abc_search,abc,data/benchmark_inputs/abc_random_large.txt,large,50000000,pruned,4,1,0.07696511,ACCEPT,3,2,2
search,abc_search,abc,data/benchmark_inputs/abc_random_large.txt,large,50000000,pruned,4,2,0.07755482,ACCEPT,3,2,2
search,abc_search,abc,data/benchmark_inputs/abc_random_large.txt,large,50000000,pruned,8,0,0.06352646,ACCEPT,3,2,2
search,abc_search,abc,data/benchmark_inputs/abc_random_large.txt,large,50000000,pruned,8,1,0.06493759,ACCEPT,3,2,2
search,abc_search,abc,data/benchmark_inputs/abc_random_large.txt,large,50000000,pruned,8,2,0.06308873,ACCEPT,3,2,2
search,abc_search,abc,data/benchmark_inputs/abc_random_large.txt,large,50000000,pruned,16,0,0.04951447,ACCEPT,3,1.86667,2
search,abc_search,abc,data/benchmark_inputs/abc_random_large.txt,large,50000000,pruned,16,1,0.05371777,ACCEPT,3,1.86667,2
search,abc_search,abc,data/benchmark_inputs/abc_random_large.txt,large,50000000,pruned,16,2,0.05463646,ACCEPT,3,1.86667,2
search,abc_search,abc,data/benchmark_inputs/abc_random_large.txt,large,50000000,sfa,1,0,0.08177485,ACCEPT,,,
search,abc_search,abc,data/benchmark_inputs/abc_random_large.txt,large,50000000,sfa,1,1,0.09491887,ACCEPT,,,
search,abc_search,abc,data/benchmark_inputs/abc_random_large.txt,large,50000000,sfa,1,2,0.08799475,ACCEPT,,,
search,abc_search,abc,data/benchmark_inputs/abc_random_large.txt,large,50000000,sfa,2,0,0.06014809,ACCEPT,,,
search,abc_search,abc,data/benchmark_inputs/abc_random_large.txt,large,50000000,sfa,2,1,0.05942941,ACCEPT,,,
search,abc_search,abc,data/benchmark_inputs/abc_random_large.txt,large,50000000,sfa,2,2,0.06537591,ACCEPT,,,
search,abc_search,abc,data/benchmark_inputs/abc_random_large.txt,large,50000000,sfa,4,0,0.05125988,ACCEPT,,,
search,abc_search,abc,data/benchmark_inputs/abc_random_large.txt,large,50000000,sfa,4,1,0.05519807,ACCEPT,,,
search,abc_search,abc,data/benchmark_inputs/abc_random_large.txt,large,50000000,sfa,4,2,0.04513696,ACCEPT,,,
search,abc_search,abc,data/benchmark_inputs/abc_random_large.txt,large,50000000,sfa,8,0,0.04043527,ACCEPT,,,
search,abc_search,abc,data/benchmark_inputs/abc_random_large.txt,large,50000000,sfa,8,1,0.04259840,ACCEPT,,,
search,abc_search,abc,data/benchmark_inputs/abc_random_large.txt,large,50000000,sfa,8,2,0.04285094,ACCEPT,,,
search,abc_search,abc,data/benchmark_inputs/abc_random_large.txt,large,50000000,sfa,16,0,0.03740314,ACCEPT,,,
search,abc_search,abc,data/benchmark_inputs/abc_random_large.txt,large,50000000,sfa,16,1,0.04234104,ACCEPT,,,
search,abc_search,abc,data/benchmark_inputs/abc_random_large.txt,large,50000000,sfa,16,2,0.03593976,ACCEPT,,,
search,abc_search,abc,data/benchmark_inputs/abc_random_huge.txt,huge,500000000,sequential,1,0,0.76493937,ACCEPT,,,
search,abc_search,abc,data/benchmark_inputs/abc_random_huge.txt,huge,500000000,sequential,1,1,0.73586742,ACCEPT,,,
search,abc_search,abc,data/benchmark_inputs/abc_random_huge.txt,huge,500000000,sequential,1,2,0.73289862,ACCEPT,,,
search,abc_search,abc,data/benchmark_inputs/abc_random_huge.txt,huge,500000000,parallel,1,0,0.76364119,ACCEPT,,,
search,abc_search,abc,data/benchmark_inputs/abc_random_huge.txt,huge,500000000,parallel,1,1,0.74459767,ACCEPT,,,
search,abc_search,abc,data/benchmark_inputs/abc_random_huge.txt,huge,500000000,parallel,1,2,0.76323808,ACCEPT,,,
search,abc_search,abc,data/benchmark_inputs/abc_random_huge.txt,huge,500000000,parallel,2,0,2.10551214,ACCEPT,,,
search,abc_search,abc,data/benchmark_inputs/abc_random_huge.txt,huge,500000000,parallel,2,1,2.06516930,ACCEPT,,,
search,abc_search,abc,data/benchmark_inputs/abc_random_huge.txt,huge,500000000,parallel,2,2,2.12734719,ACCEPT,,,
search,abc_search,abc,data/benchmark_inputs/abc_random_huge.txt,huge,500000000,parallel,4,0,1.18000191,ACCEPT,,,
search,abc_search,abc,data/benchmark_inputs/abc_random_huge.txt,huge,500000000,parallel,4,1,1.19737334,ACCEPT,,,
search,abc_search,abc,data/benchmark_inputs/abc_random_huge.txt,huge,500000000,parallel,4,2,1.20553532,ACCEPT,,,
search,abc_search,abc,data/benchmark_inputs/abc_random_huge.txt,huge,500000000,parallel,8,0,0.77299885,ACCEPT,,,
search,abc_search,abc,data/benchmark_inputs/abc_random_huge.txt,huge,500000000,parallel,8,1,0.81338950,ACCEPT,,,
search,abc_search,abc,data/benchmark_inputs/abc_random_huge.txt,huge,500000000,parallel,8,2,0.78771589,ACCEPT,,,
search,abc_search,abc,data/benchmark_inputs/abc_random_huge.txt,huge,500000000,parallel,16,0,0.62388493,ACCEPT,,,
search,abc_search,abc,data/benchmark_inputs/abc_random_huge.txt,huge,500000000,parallel,16,1,0.62528917,ACCEPT,,,
search,abc_search,abc,data/benchmark_inputs/abc_random_huge.txt,huge,500000000,parallel,16,2,0.62156539,ACCEPT,,,
search,abc_search,abc,data/benchmark_inputs/abc_random_huge.txt,huge,500000000,pruned,1,0,0.73568916,ACCEPT,,,
search,abc_search,abc,data/benchmark_inputs/abc_random_huge.txt,huge,500000000,pruned,1,1,0.73479642,ACCEPT,,,
search,abc_search,abc,data/benchmark_inputs/abc_random_huge.txt,huge,500000000,pruned,1,2,0.73180710,ACCEPT,,,
search,abc_search,abc,data/benchmark_inputs/abc_random_huge.txt,huge,500000000,pruned,2,0,0.91077819,ACCEPT,3,2,2
search,abc_search,abc,data/benchmark_inputs/abc_random_huge.txt,huge,500000000,pruned,2,1,0.92640529,ACCEPT,3,2,2
search,abc_search,abc,data/benchmark_inputs/abc_random_huge.txt,huge,500000000,pruned,2,2,0.92744398,ACCEPT,3,2,2
search,abc_search,abc,data/benchmark_inputs/abc_random_huge.txt,huge,500000000,pruned,4,0,0.61285869,ACCEPT,3,2,2
search,abc_search,abc,data/benchmark_inputs/abc_random_huge.txt,huge,500000000,pruned,4,1,0.59101873,ACCEPT,3,2,2
search,abc_search,abc,data/benchmark_inputs/abc_random_huge.txt,huge,500000000,pruned,4,2,0.59846894,ACCEPT,3,2,2
search,abc_search,abc,data/benchmark_inputs/abc_random_huge.txt,huge,500000000,pruned,8,0,0.46388003,ACCEPT,3,1.85714,2
search,abc_search,abc,data/benchmark_inputs/abc_random_huge.txt,huge,500000000,pruned,8,1,0.48636617,ACCEPT,3,1.85714,2
search,abc_search,abc,data/benchmark_inputs/abc_random_huge.txt,huge,500000000,pruned,8,2,0.45434983,ACCEPT,3,1.85714,2
search,abc_search,abc,data/benchmark_inputs/abc_random_huge.txt,huge,500000000,pruned,16,0,0.41181544,ACCEPT,3,1.93333,2
search,abc_search,abc,data/benchmark_inputs/abc_random_huge.txt,huge,500000000,pruned,16,1,0.41843896,ACCEPT,3,1.93333,2
search,abc_search,abc,data/benchmark_inputs/abc_random_huge.txt,huge,500000000,pruned,16,2,0.41521696,ACCEPT,3,1.93333,2
search,abc_search,abc,data/benchmark_inputs/abc_random_huge.txt,huge,500000000,sfa,1,0,0.76057200,ACCEPT,,,
search,abc_search,abc,data/benchmark_inputs/abc_random_huge.txt,huge,500000000,sfa,1,1,0.74973987,ACCEPT,,,
search,abc_search,abc,data/benchmark_inputs/abc_random_huge.txt,huge,500000000,sfa,1,2,0.75848709,ACCEPT,,,
search,abc_search,abc,data/benchmark_inputs/abc_random_huge.txt,huge,500000000,sfa,2,0,0.52264668,ACCEPT,,,
search,abc_search,abc,data/benchmark_inputs/abc_random_huge.txt,huge,500000000,sfa,2,1,0.52430700,ACCEPT,,,
search,abc_search,abc,data/benchmark_inputs/abc_random_huge.txt,huge,500000000,sfa,2,2,0.52427462,ACCEPT,,,
search,abc_search,abc,data/benchmark_inputs/abc_random_huge.txt,huge,500000000,sfa,4,0,0.38969062,ACCEPT,,,
search,abc_search,abc,data/benchmark_inputs/abc_random_huge.txt,huge,500000000,sfa,4,1,0.40210928,ACCEPT,,,
search,abc_search,abc,data/benchmark_inputs/abc_random_huge.txt,huge,500000000,sfa,4,2,0.40752265,ACCEPT,,,
search,abc_search,abc,data/benchmark_inputs/abc_random_huge.txt,huge,500000000,sfa,8,0,0.34773003,ACCEPT,,,
search,abc_search,abc,data/benchmark_inputs/abc_random_huge.txt,huge,500000000,sfa,8,1,0.35165037,ACCEPT,,,
search,abc_search,abc,data/benchmark_inputs/abc_random_huge.txt,huge,500000000,sfa,8,2,0.35347807,ACCEPT,,,
search,abc_search,abc,data/benchmark_inputs/abc_random_huge.txt,huge,500000000,sfa,16,0,0.29473633,ACCEPT,,,
search,abc_search,abc,data/benchmark_inputs/abc_random_huge.txt,huge,500000000,sfa,16,1,0.31919503,ACCEPT,,,
search,abc_search,abc,data/benchmark_inputs/abc_random_huge.txt,huge,500000000,sfa,16,2,0.31570693,ACCEPT,,,
search,abc_search,abc,data/benchmark_inputs/abc_random_gigantic.txt,gigantic,1000000000,sequential,1,0,1.50094309,ACCEPT,,,
search,abc_search,abc,data/benchmark_inputs/abc_random_gigantic.txt,gigantic,1000000000,sequential,1,1,1.51838085,ACCEPT,,,
search,abc_search,abc,data/benchmark_inputs/abc_random_gigantic.txt,gigantic,1000000000,sequential,1,2,1.51641617,ACCEPT,,,
search,abc_search,abc,data/benchmark_inputs/abc_random_gigantic.txt,gigantic,1000000000,parallel,1,0,1.50031469,ACCEPT,,,
search,abc_search,abc,data/benchmark_inputs/abc_random_gigantic.txt,gigantic,1000000000,parallel,1,1,1.50566512,ACCEPT,,,
search,abc_search,abc,data/benchmark_inputs/abc_random_gigantic.txt,gigantic,1000000000,parallel,1,2,1.51355697,ACCEPT,,,
search,abc_search,abc,data/benchmark_inputs/abc_random_gigantic.txt,gigantic,1000000000,parallel,2,0,4.18461895,ACCEPT,,,
search,abc_search,abc,data/benchmark_inputs/abc_random_gigantic.txt,gigantic,1000000000,parallel,2,1,4.21322158,ACCEPT,,,
search,abc_search,abc,data/benchmark_inputs/abc_random_gigantic.txt,gigantic,1000000000,parallel,2,2,4.20269260,ACCEPT,,,
search,abc_search,abc,data/benchmark_inputs/abc_random_gigantic.txt,gigantic,1000000000,parallel,4,0,2.41591543,ACCEPT,,,
search,abc_search,abc,data/benchmark_inputs/abc_random_gigantic.txt,gigantic,1000000000,parallel,4,1,2.41334136,ACCEPT,,,
search,abc_search,abc,data/benchmark_inputs/abc_random_gigantic.txt,gigantic,1000000000,parallel,4,2,2.41249872,ACCEPT,,,
search,abc_search,abc,data/benchmark_inputs/abc_random_gigantic.txt,gigantic,1000000000,parallel,8,0,1.48729746,ACCEPT,,,
search,abc_search,abc,data/benchmark_inputs/abc_random_gigantic.txt,gigantic,1000000000,parallel,8,1,1.49170432,ACCEPT,,,
search,abc_search,abc,data/benchmark_inputs/abc_random_gigantic.txt,gigantic,1000000000,parallel,8,2,1.55630449,ACCEPT,,,
search,abc_search,abc,data/benchmark_inputs/abc_random_gigantic.txt,gigantic,1000000000,parallel,16,0,1.23330694,ACCEPT,,,
search,abc_search,abc,data/benchmark_inputs/abc_random_gigantic.txt,gigantic,1000000000,parallel,16,1,1.25225312,ACCEPT,,,
search,abc_search,abc,data/benchmark_inputs/abc_random_gigantic.txt,gigantic,1000000000,parallel,16,2,1.27658682,ACCEPT,,,
search,abc_search,abc,data/benchmark_inputs/abc_random_gigantic.txt,gigantic,1000000000,pruned,1,0,1.46118358,ACCEPT,,,
search,abc_search,abc,data/benchmark_inputs/abc_random_gigantic.txt,gigantic,1000000000,pruned,1,1,1.45926241,ACCEPT,,,
search,abc_search,abc,data/benchmark_inputs/abc_random_gigantic.txt,gigantic,1000000000,pruned,1,2,1.46193887,ACCEPT,,,
search,abc_search,abc,data/benchmark_inputs/abc_random_gigantic.txt,gigantic,1000000000,pruned,2,0,1.81515597,ACCEPT,3,2,2
search,abc_search,abc,data/benchmark_inputs/abc_random_gigantic.txt,gigantic,1000000000,pruned,2,1,1.80985849,ACCEPT,3,2,2
search,abc_search,abc,data/benchmark_inputs/abc_random_gigantic.txt,gigantic,1000000000,pruned,2,2,1.81277892,ACCEPT,3,2,2
search,abc_search,abc,data/benchmark_inputs/abc_random_gigantic.txt,gigantic,1000000000,pruned,4,0,1.17539491,ACCEPT,3,2,2
search,abc_search,abc,data/benchmark_inputs/abc_random_gigantic.txt,gigantic,1000000000,pruned,4,1,1.17972427,ACCEPT,3,2,2
search,abc_search,abc,data/benchmark_inputs/abc_random_gigantic.txt,gigantic,1000000000,pruned,4,2,1.21082562,ACCEPT,3,2,2
search,abc_search,abc,data/benchmark_inputs/abc_random_gigantic.txt,gigantic,1000000000,pruned,8,0,0.94591888,ACCEPT,3,1.85714,2
search,abc_search,abc,data/benchmark_inputs/abc_random_gigantic.txt,gigantic,1000000000,pruned,8,1,0.89557682,ACCEPT,3,1.85714,2
search,abc_search,abc,data/benchmark_inputs/abc_random_gigantic.txt,gigantic,1000000000,pruned,8,2,0.90881272,ACCEPT,3,1.85714,2
search,abc_search,abc,data/benchmark_inputs/abc_random_gigantic.txt,gigantic,1000000000,pruned,16,0,0.75873625,ACCEPT,3,1.86667,2
search,abc_search,abc,data/benchmark_inputs/abc_random_gigantic.txt,gigantic,1000000000,pruned,16,1,0.77090081,ACCEPT,3,1.86667,2
search,abc_search,abc,data/benchmark_inputs/abc_random_gigantic.txt,gigantic,1000000000,pruned,16,2,0.81316671,ACCEPT,3,1.86667,2
search,abc_search,abc,data/benchmark_inputs/abc_random_gigantic.txt,gigantic,1000000000,sfa,1,0,1.51437658,ACCEPT,,,
search,abc_search,abc,data/benchmark_inputs/abc_random_gigantic.txt,gigantic,1000000000,sfa,1,1,1.47022564,ACCEPT,,,
search,abc_search,abc,data/benchmark_inputs/abc_random_gigantic.txt,gigantic,1000000000,sfa,1,2,1.47043300,ACCEPT,,,
search,abc_search,abc,data/benchmark_inputs/abc_random_gigantic.txt,gigantic,1000000000,sfa,2,0,1.03793970,ACCEPT,,,
search,abc_search,abc,data/benchmark_inputs/abc_random_gigantic.txt,gigantic,1000000000,sfa,2,1,0.99559330,ACCEPT,,,
search,abc_search,abc,data/benchmark_inputs/abc_random_gigantic.txt,gigantic,1000000000,sfa,2,2,0.99733973,ACCEPT,,,
search,abc_search,abc,data/benchmark_inputs/abc_random_gigantic.txt,gigantic,1000000000,sfa,4,0,0.75559553,ACCEPT,,,
search,abc_search,abc,data/benchmark_inputs/abc_random_gigantic.txt,gigantic,1000000000,sfa,4,1,0.75793489,ACCEPT,,,
search,abc_search,abc,data/benchmark_inputs/abc_random_gigantic.txt,gigantic,1000000000,sfa,4,2,0.76215295,ACCEPT,,,
search,abc_search,abc,data/benchmark_inputs/abc_random_gigantic.txt,gigantic,1000000000,sfa,8,0,0.66230828,ACCEPT,,,
search,abc_search,abc,data/benchmark_inputs/abc_random_gigantic.txt,gigantic,1000000000,sfa,8,1,0.64903331,ACCEPT,,,
search,abc_search,abc,data/benchmark_inputs/abc_random_gigantic.txt,gigantic,1000000000,sfa,8,2,0.68030431,ACCEPT,,,
search,abc_search,abc,data/benchmark_inputs/abc_random_gigantic.txt,gigantic,1000000000,sfa,16,0,0.62535492,ACCEPT,,,
search,abc_search,abc,data/benchmark_inputs/abc_random_gigantic.txt,gigantic,1000000000,sfa,16,1,0.62425591,ACCEPT,,,
search,abc_search,abc,data/benchmark_inputs/abc_random_gigantic.txt,gigantic,1000000000,sfa,16,2,0.59079532,ACCEPT,,,
search,abc_tail_search,(a|b|c)*abc,data/benchmark_inputs/abc_random_medium.txt,medium,1000000,sequential,1,0,0.00444518,ACCEPT,,,
search,abc_tail_search,(a|b|c)*abc,data/benchmark_inputs/abc_random_medium.txt,medium,1000000,sequential,1,1,0.00455985,ACCEPT,,,
search,abc_tail_search,(a|b|c)*abc,data/benchmark_inputs/abc_random_medium.txt,medium,1000000,sequential,1,2,0.00408623,ACCEPT,,,
search,abc_tail_search,(a|b|c)*abc,data/benchmark_inputs/abc_random_medium.txt,medium,1000000,parallel,1,0,0.00384935,ACCEPT,,,
search,abc_tail_search,(a|b|c)*abc,data/benchmark_inputs/abc_random_medium.txt,medium,1000000,parallel,1,1,0.00389597,ACCEPT,,,
search,abc_tail_search,(a|b|c)*abc,data/benchmark_inputs/abc_random_medium.txt,medium,1000000,parallel,1,2,0.00400389,ACCEPT,,,
search,abc_tail_search,(a|b|c)*abc,data/benchmark_inputs/abc_random_medium.txt,medium,1000000,parallel,2,0,0.00832530,ACCEPT,,,
search,abc_tail_search,(a|b|c)*abc,data/benchmark_inputs/abc_random_medium.txt,medium,1000000,parallel,2,1,0.01213702,ACCEPT,,,
search,abc_tail_search,(a|b|c)*abc,data/benchmark_inputs/abc_random_medium.txt,medium,1000000,parallel,2,2,0.01176908,ACCEPT,,,
search,abc_tail_search,(a|b|c)*abc,data/benchmark_inputs/abc_random_medium.txt,medium,1000000,parallel,4,0,0.00749829,ACCEPT,,,
search,abc_tail_search,(a|b|c)*abc,data/benchmark_inputs/abc_random_medium.txt,medium,1000000,parallel,4,1,0.00775281,ACCEPT,,,
search,abc_tail_search,(a|b|c)*abc,data/benchmark_inputs/abc_random_medium.txt,medium,1000000,parallel,4,2,0.00715307,ACCEPT,,,
search,abc_tail_search,(a|b|c)*abc,data/benchmark_inputs/abc_random_medium.txt,medium,1000000,parallel,8,0,0.00546504,ACCEPT,,,
search,abc_tail_search,(a|b|c)*abc,data/benchmark_inputs/abc_random_medium.txt,medium,1000000,parallel,8,1,0.00528074,ACCEPT,,,
search,abc_tail_search,(a|b|c)*abc,data/benchmark_inputs/abc_random_medium.txt,medium,1000000,parallel,8,2,0.00540571,ACCEPT,,,
search,abc_tail_search,(a|b|c)*abc,data/benchmark_inputs/abc_random_medium.txt,medium,1000000,parallel,16,0,0.00369512,ACCEPT,,,
search,abc_tail_search,(a|b|c)*abc,data/benchmark_inputs/abc_random_medium.txt,medium,1000000,parallel,16,1,0.00411700,ACCEPT,,,
search,abc_tail_search,(a|b|c)*abc,data/benchmark_inputs/abc_random_medium.txt,medium,1000000,parallel,16,2,0.00405316,ACCEPT,,,
search,abc_tail_search,(a|b|c)*abc,data/benchmark_inputs/abc_random_medium.txt,medium,1000000,pruned,1,0,0.00371388,ACCEPT,,,
search,abc_tail_search,(a|b|c)*abc,data/benchmark_inputs/abc_random_medium.txt,medium,1000000,pruned,1,1,0.00319251,ACCEPT,,,
search,abc_tail_search,(a|b|c)*abc,data/benchmark_inputs/abc_random_medium.txt,medium,1000000,pruned,1,2,0.00325371,ACCEPT,,,
search,abc_tail_search,(a|b|c)*abc,data/benchmark_inputs/abc_random_medium.txt,medium,1000000,pruned,2,0,0.00493054,ACCEPT,3,2,2
search,abc_tail_search,(a|b|c)*abc,data/benchmark_inputs/abc_random_medium.txt,medium,1000000,pruned,2,1,0.00487208,ACCEPT,3,2,2
search,abc_tail_search,(a|b|c)*abc,data/benchmark_inputs/abc_random_medium.txt,medium,1000000,pruned,2,2,0.00468342,ACCEPT,3,2,2
search,abc_tail_search,(a|b|c)*abc,data/benchmark_inputs/abc_random_medium.txt,medium,1000000,pruned,4,0,0.00420032,ACCEPT,3,2,2
search,abc_tail_search,(a|b|c)*abc,data/benchmark_inputs/abc_random_medium.txt,medium,1000000,pruned,4,1,0.00434026,ACCEPT,3,2,2
search,abc_tail_search,(a|b|c)*abc,data/benchmark_inputs/abc_random_medium.txt,medium,1000000,pruned,4,2,0.00348390,ACCEPT,3,2,2
search,abc_tail_search,(a|b|c)*abc,data/benchmark_inputs/abc_random_medium.txt,medium,1000000,pruned,8,0,0.00292860,ACCEPT,3,2,2
search,abc_tail_search,(a|b|c)*abc,data/benchmark_inputs/abc_random_medium.txt,medium,1000000,pruned,8,1,0.00374473,ACCEPT,3,2,2
search,abc_tail_search,(a|b|c)*abc,data/benchmark_inputs/abc_random_medium.txt,medium,1000000,pruned,8,2,0.00379399,ACCEPT,3,2,2
search,abc_tail_search,(a|b|c)*abc,data/benchmark_inputs/abc_random_medium.txt,medium,1000000,pruned,16,0,0.00346510,ACCEPT,3,2,2
search,abc_tail_search,(a|b|c)*abc,data/benchmark_inputs/abc_random_medium.txt,medium,1000000,pruned,16,1,0.00299351,ACCEPT,3,2,2
search,abc_tail_search,(a|b|c)*abc,data/benchmark_inputs/abc_random_medium.txt,medium,1000000,pruned,16,2,0.00300520,ACCEPT,3,2,2
search,abc_tail_search,(a|b|c)*abc,data/benchmark_inputs/abc_random_medium.txt,medium,1000000,sfa,1,0,0.00333870,ACCEPT,,,
search,abc_tail_search,(a|b|c)*abc,data/benchmark_inputs/abc_random_medium.txt,medium,1000000,sfa,1,1,0.00402344,ACCEPT,,,
search,abc_tail_search,(a|b|c)*abc,data/benchmark_inputs/abc_random_medium.txt,medium,1000000,sfa,1,2,0.00404751,ACCEPT,,,
search,abc_tail_search,(a|b|c)*abc,data/benchmark_inputs/abc_random_medium.txt,medium,1000000,sfa,2,0,0.00348334,ACCEPT,,,
search,abc_tail_search,(a|b|c)*abc,data/benchmark_inputs/abc_random_medium.txt,medium,1000000,sfa,2,1,0.00321047,ACCEPT,,,
search,abc_tail_search,(a|b|c)*abc,data/benchmark_inputs/abc_random_medium.txt,medium,1000000,sfa,2,2,0.00297900,ACCEPT,,,
search,abc_tail_search,(a|b|c)*abc,data/benchmark_inputs/abc_random_medium.txt,medium,1000000,sfa,4,0,0.00284518,ACCEPT,,,
search,abc_tail_search,(a|b|c)*abc,data/benchmark_inputs/abc_random_medium.txt,medium,1000000,sfa,4,1,0.00317003,ACCEPT,,,
search,abc_tail_search,(a|b|c)*abc,data/benchmark_inputs/abc_random_medium.txt,medium,1000000,sfa,4,2,0.00342216,ACCEPT,,,
search,abc_tail_search,(a|b|c)*abc,data/benchmark_inputs/abc_random_medium.txt,medium,1000000,sfa,8,0,0.00293740,ACCEPT,,,
search,abc_tail_search,(a|b|c)*abc,data/benchmark_inputs/abc_random_medium.txt,medium,1000000,sfa,8,1,0.00297066,ACCEPT,,,
search,abc_tail_search,(a|b|c)*abc,data/benchmark_inputs/abc_random_medium.txt,medium,1000000,sfa,8,2,0.00301458,ACCEPT,,,
search,abc_tail_search,(a|b|c)*abc,data/benchmark_inputs/abc_random_medium.txt,medium,1000000,sfa,16,0,0.00299099,ACCEPT,,,
search,abc_tail_search,(a|b|c)*abc,data/benchmark_inputs/abc_random_medium.txt,medium,1000000,sfa,16,1,0.00340969,ACCEPT,,,
search,abc_tail_search,(a|b|c)*abc,data/benchmark_inputs/abc_random_medium.txt,medium,1000000,sfa,16,2,0.00325394,ACCEPT,,,
search,abc_tail_search,(a|b|c)*abc,data/benchmark_inputs/abc_random_large.txt,large,50000000,sequential,1,0,0.08165293,ACCEPT,,,
search,abc_tail_search,(a|b|c)*abc,data/benchmark_inputs/abc_random_large.txt,large,50000000,sequential,1,1,0.08214690,ACCEPT,,,
search,abc_tail_search,(a|b|c)*abc,data/benchmark_inputs/abc_random_large.txt,large,50000000,sequential,1,2,0.08011156,ACCEPT,,,
search,abc_tail_search,(a|b|c)*abc,data/benchmark_inputs/abc_random_large.txt,large,50000000,parallel,1,0,0.08799648,ACCEPT,,,
search,abc_tail_search,(a|b|c)*abc,data/benchmark_inputs/abc_random_large.txt,large,50000000,parallel,1,1,0.09197380,ACCEPT,,,
search,abc_tail_search,(a|b|c)*abc,data/benchmark_inputs/abc_random_large.txt,large,50000000,parallel,1,2,0.08083450,ACCEPT,,,
search,abc_tail_search,(a|b|c)*abc,data/benchmark_inputs/abc_random_large.txt,large,50000000,parallel,2,0,0.29599885,ACCEPT,,,
search,abc_tail_search,(a|b|c)*abc,data/benchmark_inputs/abc_random_large.txt,large,50000000,parallel,2,1,0.30357207,ACCEPT,,,
search,abc_tail_search,(a|b|c)*abc,data/benchmark_inputs/abc_random_large.txt,large,50000000,parallel,2,2,0.30149909,ACCEPT,,,
search,abc_tail_search,(a|b|c)*abc,data/benchmark_inputs/abc_random_large.txt,large,50000000,parallel,4,0,0.17550623,ACCEPT,,,
search,abc_tail_search,(a|b|c)*abc,data/benchmark_inputs/abc_random_large.txt,large,50000000,parallel,4,1,0.17352806,ACCEPT,,,
search,abc_tail_search,(a|b|c)*abc,data/benchmark_inputs/abc_random_large.txt,large,50000000,parallel,4,2,0.17481402,ACCEPT,,,
search,abc_tail_search,(a|b|c)*abc,data/benchmark_inputs/abc_random_large.txt,large,50000000,parallel,8,0,0.12932134,ACCEPT,,,
search,abc_tail_search,(a|b|c)*abc,data/benchmark_inputs/abc_random_large.txt,large,50000000,parallel,8,1,0.12293624,ACCEPT,,,
search,abc_tail_search,(a|b|c)*abc,data/benchmark_inputs/abc_random_large.txt,large,50000000,parallel,8,2,0.12847305,ACCEPT,,,
search,abc_tail_search,(a|b|c)*abc,data/benchmark_inputs/abc_random_large.txt,large,50000000,parallel,16,0,0.09284166,ACCEPT,,,
search,abc_tail_search,(a|b|c)*abc,data/benchmark_inputs/abc_random_large.txt,large,50000000,parallel,16,1,0.08996479,ACCEPT,,,
search,abc_tail_search,(a|b|c)*abc,data/benchmark_inputs/abc_random_large.txt,large,50000000,parallel,16,2,0.09252363,ACCEPT,,,
search,abc_tail_search,(a|b|c)*abc,data/benchmark_inputs/abc_random_large.txt,large,50000000,pruned,1,0,0.08096923,ACCEPT,,,
search,abc_tail_search,(a|b|c)*abc,data/benchmark_inputs/abc_random_large.txt,large,50000000,pruned,1,1,0.07953141,ACCEPT,,,
search,abc_tail_search,(a|b|c)*abc,data/benchmark_inputs/abc_random_large.txt,large,50000000,pruned,1,2,0.08158578,ACCEPT,,,
search,abc_tail_search,(a|b|c)*abc,data/benchmark_inputs/abc_random_large.txt,large,50000000,pruned,2,0,0.10206318,ACCEPT,3,2,2
search,abc_tail_search,(a|b|c)*abc,data/benchmark_inputs/abc_random_large.txt,large,50000000,pruned,2,1,0.09725552,ACCEPT,3,2,2
search,abc_tail_search,(a|b|c)*abc,data/benchmark_inputs/abc_random_large.txt,large,50000000,pruned,2,2,0.10119257,ACCEPT,3,2,2
search,abc_tail_search,(a|b|c)*abc,data/benchmark_inputs/abc_random_large.txt,large,50000000,pruned,4,0,0.07534142,ACCEPT,3,2,2
search,abc_tail_search,(a|b|c)*abc,data/benchmark_inputs/abc_random_large.txt,large,50000000,pruned,4,1,0.06731542,ACCEPT,3,2,2
search,abc_tail_search,(a|b|c)*abc,data/benchmark_inputs/abc_random_large.txt,large,50000000,pruned,4,2,0.07940883,ACCEPT,3,2,2
search,abc_tail_search,(a|b|c)*abc,data/benchmark_inputs/abc_random_large.txt,large,50000000,pruned,8,0,0.06189583,ACCEPT,3,2,2
search,abc_tail_search,(a|b|c)*abc,data/benchmark_inputs/abc_random_large.txt,large,50000000,pruned,8,1,0.06381015,ACCEPT,3,2,2
search,abc_tail_search,(a|b|c)*abc,data/benchmark_inputs/abc_random_large.txt,large,50000000,pruned,8,2,0.06434065,ACCEPT,3,2,2
search,abc_tail_search,(a|b|c)*abc,data/benchmark_inputs/abc_random_large.txt,large,50000000,pruned,16,0,0.05209721,ACCEPT,3,1.86667,2
search,abc_tail_search,(a|b|c)*abc,data/benchmark_inputs/abc_random_large.txt,large,50000000,pruned,16,1,0.05026908,ACCEPT,3,1.86667,2
search,abc_tail_search,(a|b|c)*abc,data/benchmark_inputs/abc_random_large.txt,large,50000000,pruned,16,2,0.05480916,ACCEPT,3,1.86667,2
search,abc_tail_search,(a|b|c)*abc,data/benchmark_inputs/abc_random_large.txt,large,50000000,sfa,1,0,0.08289380,ACCEPT,,,
search,abc_tail_search,(a|b|c)*abc,data/benchmark_inputs/abc_random_large.txt,large,50000000,sfa,1,1,0.08020952,ACCEPT,,,
search,abc_tail_search,(a|b|c)*abc,data/benchmark_inputs/abc_random_large.txt,large,50000000,sfa,1,2,0.08300667,ACCEPT,,,
search,abc_tail_search,(a|b|c)*abc,data/benchmark_inputs/abc_random_large.txt,large,50000000,sfa,2,0,0.05876218,ACCEPT,,,
search,abc_tail_search,(a|b|c)*abc,data/benchmark_inputs/abc_random_large.txt,large,50000000,sfa,2,1,0.05852662,ACCEPT,,,
search,abc_tail_search,(a|b|c)*abc,data/benchmark_inputs/abc_random_large.txt,large,50000000,sfa,2,2,0.05911481,ACCEPT,,,
search,abc_tail_search,(a|b|c)*abc,data/benchmark_inputs/abc_random_large.txt,large,50000000,sfa,4,0,0.04446254,ACCEPT,,,
search,abc_tail_search,(a|b|c)*abc,data/benchmark_inputs/abc_random_large.txt,large,50000000,sfa,4,1,0.04696127,ACCEPT,,,
search,abc_tail_search,(a|b|c)*abc,data/benchmark_inputs/abc_random_large.txt,large,50000000,sfa,4,2,0.04629516,ACCEPT,,,
search,abc_tail_search,(a|b|c)*abc,data/benchmark_inputs/abc_random_large.txt,large,50000000,sfa,8,0,0.04650085,ACCEPT,,,
search,abc_tail_search,(a|b|c)*abc,data/benchmark_inputs/abc_random_large.txt,large,50000000,sfa,8,1,0.04064157,ACCEPT,,,
search,abc_tail_search,(a|b|c)*abc,data/benchmark_inputs/abc_random_large.txt,large,50000000,sfa,8,2,0.04125183,ACCEPT,,,
search,abc_tail_search,(a|b|c)*abc,data/benchmark_inputs/abc_random_large.txt,large,50000000,sfa,16,0,0.03620698,ACCEPT,,,
search,abc_tail_search,(a|b|c)*abc,data/benchmark_inputs/abc_random_large.txt,large,50000000,sfa,16,1,0.03870324,ACCEPT,,,
search,abc_tail_search,(a|b|c)*abc,data/benchmark_inputs/abc_random_large.txt,large,50000000,sfa,16,2,0.03804764,ACCEPT,,,
search,abc_tail_search,(a|b|c)*abc,data/benchmark_inputs/abc_random_huge.txt,huge,500000000,sequential,1,0,0.73812593,ACCEPT,,,
search,abc_tail_search,(a|b|c)*abc,data/benchmark_inputs/abc_random_huge.txt,huge,500000000,sequential,1,1,0.74361645,ACCEPT,,,
search,abc_tail_search,(a|b|c)*abc,data/benchmark_inputs/abc_random_huge.txt,huge,500000000,sequential,1,2,0.75053234,ACCEPT,,,
search,abc_tail_search,(a|b|c)*abc,data/benchmark_inputs/abc_random_huge.txt,huge,500000000,parallel,1,0,0.74072219,ACCEPT,,,
search,abc_tail_search,(a|b|c)*abc,data/benchmark_inputs/abc_random_huge.txt,huge,500000000,parallel,1,1,0.74127682,ACCEPT,,,
search,abc_tail_search,(a|b|c)*abc,data/benchmark_inputs/abc_random_huge.txt,huge,500000000,parallel,1,2,0.74216942,ACCEPT,,,
search,abc_tail_search,(a|b|c)*abc,data/benchmark_inputs/abc_random_huge.txt,huge,500000000,parallel,2,0,2.85136872,ACCEPT,,,
search,abc_tail_search,(a|b|c)*abc,data/benchmark_inputs/abc_random_huge.txt,huge,500000000,parallel,2,1,2.84967608,ACCEPT,,,
search,abc_tail_search,(a|b|c)*abc,data/benchmark_inputs/abc_random_huge.txt,huge,500000000,parallel,2,2,2.84714135,ACCEPT,,,
search,abc_tail_search,(a|b|c)*abc,data/benchmark_inputs/abc_random_huge.txt,huge,500000000,parallel,4,0,1.60634820,ACCEPT,,,
search,abc_tail_search,(a|b|c)*abc,data/benchmark_inputs/abc_random_huge.txt,huge,500000000,parallel,4,1,1.59304167,ACCEPT,,,
search,abc_tail_search,(a|b|c)*abc,data/benchmark_inputs/abc_random_huge.txt,huge,500000000,parallel,4,2,1.58088822,ACCEPT,,,
search,abc_tail_search,(a|b|c)*abc,data/benchmark_inputs/abc_random_huge.txt,huge,500000000,parallel,8,0,0.99178771,ACCEPT,,,
search,abc_tail_search,(a|b|c)*abc,data/benchmark_inputs/abc_random_huge.txt,huge,500000000,parallel,8,1,0.98060309,ACCEPT,,,
search,abc_tail_search,(a|b|c)*abc,data/benchmark_inputs/abc_random_huge.txt,huge,500000000,parallel,8,2,0.98325037,ACCEPT,,,
search,abc_tail_search,(a|b|c)*abc,data/benchmark_inputs/abc_random_huge.txt,huge,500000000,parallel,16,0,0.76963686,ACCEPT,,,
search,abc_tail_search,(a|b|c)*abc,data/benchmark_inputs/abc_random_huge.txt,huge,500000000,parallel,16,1,0.76989682,ACCEPT,,,
search,abc_tail_search,(a|b|c)*abc,data/benchmark_inputs/abc_random_huge.txt,huge,500000000,parallel,16,2,0.82457896,ACCEPT,,,
search,abc_tail_search,(a|b|c)*abc,data/benchmark_inputs/abc_random_huge.txt,huge,500000000,pruned,1,0,0.76383203,ACCEPT,,,
search,abc_tail_search,(a|b|c)*abc,data/benchmark_inputs/abc_random_huge.txt,huge,500000000,pruned,1,1,0.73242325,ACCEPT,,,
search,abc_tail_search,(a|b|c)*abc,data/benchmark_inputs/abc_random_huge.txt,huge,500000000,pruned,1,2,0.73541990,ACCEPT,,,
search,abc_tail_search,(a|b|c)*abc,data/benchmark_inputs/abc_random_huge.txt,huge,500000000,pruned,2,0,0.90930693,ACCEPT,3,2,2
search,abc_tail_search,(a|b|c)*abc,data/benchmark_inputs/abc_random_huge.txt,huge,500000000,pruned,2,1,0.92407519,ACCEPT,3,2,2
search,abc_tail_search,(a|b|c)*abc,data/benchmark_inputs/abc_random_huge.txt,huge,500000000,pruned,2,2,0.93469413,ACCEPT,3,2,2
search,abc_tail_search,(a|b|c)*abc,data/benchmark_inputs/abc_random_huge.txt,huge,500000000,pruned,4,0,0.62023397,ACCEPT,3,2,2
search,abc_tail_search,(a|b|c)*abc,data/benchmark_inputs/abc_random_huge.txt,huge,500000000,pruned,4,1,0.61160699,ACCEPT,3,2,2
search,abc_tail_search,(a|b|c)*abc,data/benchmark_inputs/abc_random_huge.txt,huge,500000000,pruned,4,2,0.60004095,ACCEPT,3,2,2
search,abc_tail_search,(a|b|c)*abc,data/benchmark_inputs/abc_random_huge.txt,huge,500000000,pruned,8,0,0.48970422,ACCEPT,3,1.85714,2
search,abc_tail_search,(a|b|c)*abc,data/benchmark_inputs/abc_random_huge.txt,huge,500000000,pruned,8,1,0.47067099,ACCEPT,3,1.85714,2
search,abc_tail_search,(a|b|c)*abc,data/benchmark_inputs/abc_random_huge.txt,huge,500000000,pruned,8,2,0.44639352,ACCEPT,3,1.85714,2
search,abc_tail_search,(a|b|c)*abc,data/benchmark_inputs/abc_random_huge.txt,huge,500000000,pruned,16,0,0.42731510,ACCEPT,3,1.93333,2
search,abc_tail_search,(a|b|c)*abc,data/benchmark_inputs/abc_random_huge.txt,huge,500000000,pruned,16,1,0.41791478,ACCEPT,3,1.93333,2
search,abc_tail_search,(a|b|c)*abc,data/benchmark_inputs/abc_random_huge.txt,huge,500000000,pruned,16,2,0.40592603,ACCEPT,3,1.93333,2
search,abc_tail_search,(a|b|c)*abc,data/benchmark_inputs/abc_random_huge.txt,huge,500000000,sfa,1,0,0.73808000,ACCEPT,,,
search,abc_tail_search,(a|b|c)*abc,data/benchmark_inputs/abc_random_huge.txt,huge,500000000,sfa,1,1,0.74183072,ACCEPT,,,
search,abc_tail_search,(a|b|c)*abc,data/benchmark_inputs/abc_random_huge.txt,huge,500000000,sfa,1,2,0.74536463,ACCEPT,,,
search,abc_tail_search,(a|b|c)*abc,data/benchmark_inputs/abc_random_huge.txt,huge,500000000,sfa,2,0,0.51702953,ACCEPT,,,
search,abc_tail_search,(a|b|c)*abc,data/benchmark_inputs/abc_random_huge.txt,huge,500000000,sfa,2,1,0.50279077,ACCEPT,,,
search,abc_tail_search,(a|b|c)*abc,data/benchmark_inputs/abc_random_huge.txt,huge,500000000,sfa,2,2,0.50581746,ACCEPT,,,
search,abc_tail_search,(a|b|c)*abc,data/benchmark_inputs/abc_random_huge.txt,huge,500000000,sfa,4,0,0.41527637,ACCEPT,,,
search,abc_tail_search,(a|b|c)*abc,data/benchmark_inputs/abc_random_huge.txt,huge,500000000,sfa,4,1,0.40683011,ACCEPT,,,
search,abc_tail_search,(a|b|c)*abc,data/benchmark_inputs/abc_random_huge.txt,huge,500000000,sfa,4,2,0.41449727,ACCEPT,,,
search,abc_tail_search,(a|b|c)*abc,data/benchmark_inputs/abc_random_huge.txt,huge,500000000,sfa,8,0,0.32879743,ACCEPT,,,
search,abc_tail_search,(a|b|c)*abc,data/benchmark_inputs/abc_random_huge.txt,huge,500000000,sfa,8,1,0.33186549,ACCEPT,,,
search,abc_tail_search,(a|b|c)*abc,data/benchmark_inputs/abc_random_huge.txt,huge,500000000,sfa,8,2,0.33085394,ACCEPT,,,
search,abc_tail_search,(a|b|c)*abc,data/benchmark_inputs/abc_random_huge.txt,huge,500000000,sfa,16,0,0.30572529,ACCEPT,,,
search,abc_tail_search,(a|b|c)*abc,data/benchmark_inputs/abc_random_huge.txt,huge,500000000,sfa,16,1,0.32033961,ACCEPT,,,
search,abc_tail_search,(a|b|c)*abc,data/benchmark_inputs/abc_random_huge.txt,huge,500000000,sfa,16,2,0.32169980,ACCEPT,,,
search,abc_tail_search,(a|b|c)*abc,data/benchmark_inputs/abc_random_gigantic.txt,gigantic,1000000000,sequential,1,0,1.46525708,ACCEPT,,,
search,abc_tail_search,(a|b|c)*abc,data/benchmark_inputs/abc_random_gigantic.txt,gigantic,1000000000,sequential,1,1,1.47980696,ACCEPT,,,
search,abc_tail_search,(a|b|c)*abc,data/benchmark_inputs/abc_random_gigantic.txt,gigantic,1000000000,sequential,1,2,1.48247554,ACCEPT,,,
search,abc_tail_search,(a|b|c)*abc,data/benchmark_inputs/abc_random_gigantic.txt,gigantic,1000000000,parallel,1,0,1.48518248,ACCEPT,,,
search,abc_tail_search,(a|b|c)*abc,data/benchmark_inputs/abc_random_gigantic.txt,gigantic,1000000000,parallel,1,1,1.48661081,ACCEPT,,,
search,abc_tail_search,(a|b|c)*abc,data/benchmark_inputs/abc_random_gigantic.txt,gigantic,1000000000,parallel,1,2,1.49684898,ACCEPT,,,
search,abc_tail_search,(a|b|c)*abc,data/benchmark_inputs/abc_random_gigantic.txt,gigantic,1000000000,parallel,2,0,5.70999374,ACCEPT,,,
search,abc_tail_search,(a|b|c)*abc,data/benchmark_inputs/abc_random_gigantic.txt,gigantic,1000000000,parallel,2,1,5.74712518,ACCEPT,,,
search,abc_tail_search,(a|b|c)*abc,data/benchmark_inputs/abc_random_gigantic.txt,gigantic,1000000000,parallel,2,2,5.75768070,ACCEPT,,,
search,abc_tail_search,(a|b|c)*abc,data/benchmark_inputs/abc_random_gigantic.txt,gigantic,1000000000,parallel,4,0,3.25411157,ACCEPT,,,
search,abc_tail_search,(a|b|c)*abc,data/benchmark_inputs/abc_random_gigantic.txt,gigantic,1000000000,parallel,4,1,3.31033966,ACCEPT,,,
search,abc_tail_search,(a|b|c)*abc,data/benchmark_inputs/abc_random_gigantic.txt,gigantic,1000000000,parallel,4,2,3.27036346,ACCEPT,,,
search,abc_tail_search,(a|b|c)*abc,data/benchmark_inputs/abc_random_gigantic.txt,gigantic,1000000000,parallel,8,0,2.05466249,ACCEPT,,,
search,abc_tail_search,(a|b|c)*abc,data/benchmark_inputs/abc_random_gigantic.txt,gigantic,1000000000,parallel,8,1,2.28181785,ACCEPT,,,
search,abc_tail_search,(a|b|c)*abc,data/benchmark_inputs/abc_random_gigantic.txt,gigantic,1000000000,parallel,8,2,2.10949132,ACCEPT,,,
search,abc_tail_search,(a|b|c)*abc,data/benchmark_inputs/abc_random_gigantic.txt,gigantic,1000000000,parallel,16,0,1.66323699,ACCEPT,,,
search,abc_tail_search,(a|b|c)*abc,data/benchmark_inputs/abc_random_gigantic.txt,gigantic,1000000000,parallel,16,1,1.59798291,ACCEPT,,,
search,abc_tail_search,(a|b|c)*abc,data/benchmark_inputs/abc_random_gigantic.txt,gigantic,1000000000,parallel,16,2,1.56014719,ACCEPT,,,
search,abc_tail_search,(a|b|c)*abc,data/benchmark_inputs/abc_random_gigantic.txt,gigantic,1000000000,pruned,1,0,1.48650978,ACCEPT,,,
search,abc_tail_search,(a|b|c)*abc,data/benchmark_inputs/abc_random_gigantic.txt,gigantic,1000000000,pruned,1,1,1.48995106,ACCEPT,,,
search,abc_tail_search,(a|b|c)*abc,data/benchmark_inputs/abc_random_gigantic.txt,gigantic,1000000000,pruned,1,2,1.52339079,ACCEPT,,,
search,abc_tail_search,(a|b|c)*abc,data/benchmark_inputs/abc_random_gigantic.txt,gigantic,1000000000,pruned,2,0,1.85534511,ACCEPT,3,2,2
search,abc_tail_search,(a|b|c)*abc,data/benchmark_inputs/abc_random_gigantic.txt,gigantic,1000000000,pruned,2,1,1.86046169,ACCEPT,3,2,2
search,abc_tail_search,(a|b|c)*abc,data/benchmark_inputs/abc_random_gigantic.txt,gigantic,1000000000,pruned,2,2,1.88464986,ACCEPT,3,2,2
search,abc_tail_search,(a|b|c)*abc,data/benchmark_inputs/abc_random_gigantic.txt,gigantic,1000000000,pruned,4,0,1.23611254,ACCEPT,3,2,2
search,abc_tail_search,(a|b|c)*abc,data/benchmark_inputs/abc_random_gigantic.txt,gigantic,1000000000,pruned,4,1,1.23560156,ACCEPT,3,2,2
search,abc_tail_search,(a|b|c)*abc,data/benchmark_inputs/abc_random_gigantic.txt,gigantic,1000000000,pruned,4,2,1.24201671,ACCEPT,3,2,2
search,abc_tail_search,(a|b|c)*abc,data/benchmark_inputs/abc_random_gigantic.txt,gigantic,1000000000,pruned,8,0,0.97637977,ACCEPT,3,1.85714,2
search,abc_tail_search,(a|b|c)*abc,data/benchmark_inputs/abc_random_gigantic.txt,gigantic,1000000000,pruned,8,1,1.01129236,ACCEPT,3,1.85714,2
search,abc_tail_search,(a|b|c)*abc,data/benchmark_inputs/abc_random_gigantic.txt,gigantic,1000000000,pruned,8,2,1.00362289,ACCEPT,3,1.85714,2
search,abc_tail_search,(a|b|c)*abc,data/benchmark_inputs/abc_random_gigantic.txt,gigantic,1000000000,pruned,16,0,0.78362069,ACCEPT,3,1.86667,2
search,abc_tail_search,(a|b|c)*abc,data/benchmark_inputs/abc_random_gigantic.txt,gigantic,1000000000,pruned,16,1,0.78289752,ACCEPT,3,1.86667,2
search,abc_tail_search,(a|b|c)*abc,data/benchmark_inputs/abc_random_gigantic.txt,gigantic,1000000000,pruned,16,2,0.83126869,ACCEPT,3,1.86667,2
search,abc_tail_search,(a|b|c)*abc,data/benchmark_inputs/abc_random_gigantic.txt,gigantic,1000000000,sfa,1,0,1.53574246,ACCEPT,,,
search,abc_tail_search,(a|b|c)*abc,data/benchmark_inputs/abc_random_gigantic.txt,gigantic,1000000000,sfa,1,1,1.53020967,ACCEPT,,,
search,abc_tail_search,(a|b|c)*abc,data/benchmark_inputs/abc_random_gigantic.txt,gigantic,1000000000,sfa,1,2,1.52679504,ACCEPT,,,
search,abc_tail_search,(a|b|c)*abc,data/benchmark_inputs/abc_random_gigantic.txt,gigantic,1000000000,sfa,2,0,1.05366317,ACCEPT,,,
search,abc_tail_search,(a|b|c)*abc,data/benchmark_inputs/abc_random_gigantic.txt,gigantic,1000000000,sfa,2,1,1.01251042,ACCEPT,,,
search,abc_tail_search,(a|b|c)*abc,data/benchmark_inputs/abc_random_gigantic.txt,gigantic,1000000000,sfa,2,2,1.05332012,ACCEPT,,,
search,abc_tail_search,(a|b|c)*abc,data/benchmark_inputs/abc_random_gigantic.txt,gigantic,1000000000,sfa,4,0,0.82731174,ACCEPT,,,
search,abc_tail_search,(a|b|c)*abc,data/benchmark_inputs/abc_random_gigantic.txt,gigantic,1000000000,sfa,4,1,0.80397619,ACCEPT,,,
search,abc_tail_search,(a|b|c)*abc,data/benchmark_inputs/abc_random_gigantic.txt,gigantic,1000000000,sfa,4,2,0.83152773,ACCEPT,,,
search,abc_tail_search,(a|b|c)*abc,data/benchmark_inputs/abc_random_gigantic.txt,gigantic,1000000000,sfa,8,0,0.71471619,ACCEPT,,,
search,abc_tail_search,(a|b|c)*abc,data/benchmark_inputs/abc_random_gigantic.txt,gigantic,1000000000,sfa,8,1,0.71305289,ACCEPT,,,
search,abc_tail_search,(a|b|c)*abc,data/benchmark_inputs/abc_random_gigantic.txt,gigantic,1000000000,sfa,8,2,0.68454893,ACCEPT,,,
search,abc_tail_search,(a|b|c)*abc,data/benchmark_inputs/abc_random_gigantic.txt,gigantic,1000000000,sfa,16,0,0.61235696,ACCEPT,,,
search,abc_tail_search,(a|b|c)*abc,data/benchmark_inputs/abc_random_gigantic.txt,gigantic,1000000000,sfa,16,1,0.60749175,ACCEPT,,,
search,abc_tail_search,(a|b|c)*abc,data/benchmark_inputs/abc_random_gigantic.txt,gigantic,1000000000,sfa,16,2,0.62226580,ACCEPT,,,
search,abc_block_search,ab*cac*b,data/benchmark_inputs/abc_random_medium.txt,medium,1000000,sequential,1,0,0.00484538,ACCEPT,,,
search,abc_block_search,ab*cac*b,data/benchmark_inputs/abc_random_medium.txt,medium,1000000,sequential,1,1,0.00387565,ACCEPT,,,
search,abc_block_search,ab*cac*b,data/benchmark_inputs/abc_random_medium.txt,medium,1000000,sequential,1,2,0.00429904,ACCEPT,,,
search,abc_block_search,ab*cac*b,data/benchmark_inputs/abc_random_medium.txt,medium,1000000,parallel,1,0,0.00416501,ACCEPT,,,
search,abc_block_search,ab*cac*b,data/benchmark_inputs/abc_random_medium.txt,medium,1000000,parallel,1,1,0.00414127,ACCEPT,,,
search,abc_block_search,ab*cac*b,data/benchmark_inputs/abc_random_medium.txt,medium,1000000,parallel,1,2,0.00414413,ACCEPT,,,
search,abc_block_search,ab*cac*b,data/benchmark_inputs/abc_random_medium.txt,medium,1000000,parallel,2,0,0.01778037,ACCEPT,,,
search,abc_block_search,ab*cac*b,data/benchmark_inputs/abc_random_medium.txt,medium,1000000,parallel,2,1,0.01540031,ACCEPT,,,
search,abc_block_search,ab*cac*b,data/benchmark_inputs/abc_random_medium.txt,medium,1000000,parallel,2,2,0.01797550,ACCEPT,,,
search,abc_block_search,ab*cac*b,data/benchmark_inputs/abc_random_medium.txt,medium,1000000,parallel,4,0,0.01097912,ACCEPT,,,
search,abc_block_search,ab*cac*b,data/benchmark_inputs/abc_random_medium.txt,medium,1000000,parallel,4,1,0.01046081,ACCEPT,,,
search,abc_block_search,ab*cac*b,data/benchmark_inputs/abc_random_medium.txt,medium,1000000,parallel,4,2,0.01121168,ACCEPT,,,
search,abc_block_search,ab*cac*b,data/benchmark_inputs/abc_random_medium.txt,medium,1000000,parallel,8,0,0.00709732,ACCEPT,,,
search,abc_block_search,ab*cac*b,data/benchmark_inputs/abc_random_medium.txt,medium,1000000,parallel,8,1,0.00683544,ACCEPT,,,
search,abc_block_search,ab*cac*b,data/benchmark_inputs/abc_random_medium.txt,medium,1000000,parallel,8,2,0.00688846,ACCEPT,,,
search,abc_block_search,ab*cac*b,data/benchmark_inputs/abc_random_medium.txt,medium,1000000,parallel,16,0,0.00446909,ACCEPT,,,
search,abc_block_search,ab*cac*b,data/benchmark_inputs/abc_random_medium.txt,medium,1000000,parallel,16,1,0.00455242,ACCEPT,,,
search,abc_block_search,ab*cac*b,data/benchmark_inputs/abc_random_medium.txt,medium,1000000,parallel,16,2,0.00438555,ACCEPT,,,
search,abc_block_search,ab*cac*b,data/benchmark_inputs/abc_random_medium.txt,medium,1000000,pruned,1,0,0.00408266,ACCEPT,,,
search,abc_block_search,ab*cac*b,data/benchmark_inputs/abc_random_medium.txt,medium,1000000,pruned,1,1,0.00406415,ACCEPT,,,
search,abc_block_search,ab*cac*b,data/benchmark_inputs/abc_random_medium.txt,medium,1000000,pruned,1,2,0.00379588,ACCEPT,,,
search,abc_block_search,ab*cac*b,data/benchmark_inputs/abc_random_medium.txt,medium,1000000,pruned,2,0,0.00492262,ACCEPT,3,2,2
search,abc_block_search,ab*cac*b,data/benchmark_inputs/abc_random_medium.txt,medium,1000000,pruned,2,1,0.00536312,ACCEPT,3,2,2
search,abc_block_search,ab*cac*b,data/benchmark_inputs/abc_random_medium.txt,medium,1000000,pruned,2,2,0.00515033,ACCEPT,3,2,2
search,abc_block_search,ab*cac*b,data/benchmark_inputs/abc_random_medium.txt,medium,1000000,pruned,4,0,0.00509927,ACCEPT,3,2.66667,4
search,abc_block_search,ab*cac*b,data/benchmark_inputs/abc_random_medium.txt,medium,1000000,pruned,4,1,0.00471847,ACCEPT,3,2.66667,4
search,abc_block_search,ab*cac*b,data/benchmark_inputs/abc_random_medium.txt,medium,1000000,pruned,4,2,0.00455086,ACCEPT,3,2.66667,4
search,abc_block_search,ab*cac*b,data/benchmark_inputs/abc_random_medium.txt,medium,1000000,pruned,8,0,0.00443278,ACCEPT,3,2.85714,4
search,abc_block_search,ab*cac*b,data/benchmark_inputs/abc_random_medium.txt,medium,1000000,pruned,8,1,0.00435478,ACCEPT,3,2.85714,4
search,abc_block_search,ab*cac*b,data/benchmark_inputs/abc_random_medium.txt,medium,1000000,pruned,8,2,0.00417109,ACCEPT,3,2.85714,4
search,abc_block_search,ab*cac*b,data/benchmark_inputs/abc_random_medium.txt,medium,1000000,pruned,16,0,0.00429020,ACCEPT,3,2.66667,4
search,abc_block_search,ab*cac*b,data/benchmark_inputs/abc_random_medium.txt,medium,1000000,pruned,16,1,0.00417789,ACCEPT,3,2.66667,4
search,abc_block_search,ab*cac*b,data/benchmark_inputs/abc_random_medium.txt,medium,1000000,pruned,16,2,0.00407681,ACCEPT,3,2.66667,4
search,abc_block_search,ab*cac*b,data/benchmark_inputs/abc_random_medium.txt,medium,1000000,sfa,1,0,0.00355653,ACCEPT,,,
search,abc_block_search,ab*cac*b,data/benchmark_inputs/abc_random_medium.txt,medium,1000000,sfa,1,1,0.00329234,ACCEPT,,,
search,abc_block_search,ab*cac*b,data/benchmark_inputs/abc_random_medium.txt,medium,1000000,sfa,1,2,0.00393768,ACCEPT,,,
search,abc_block_search,ab*cac*b,data/benchmark_inputs/abc_random_medium.txt,medium,1000000,sfa,2,0,0.00346961,ACCEPT,,,
search,abc_block_search,ab*cac*b,data/benchmark_inputs/abc_random_medium.txt,medium,1000000,sfa,2,1,0.00375382,ACCEPT,,,
search,abc_block_search,ab*cac*b,data/benchmark_inputs/abc_random_medium.txt,medium,1000000,sfa,2,2,0.00370170,ACCEPT,,,
search,abc_block_search,ab*cac*b,data/benchmark_inputs/abc_random_medium.txt,medium,1000000,sfa,4,0,0.00333499,ACCEPT,,,
search,abc_block_search,ab*cac*b,data/benchmark_inputs/abc_random_medium.txt,medium,1000000,sfa,4,1,0.00339519,ACCEPT,,,
search,abc_block_search,ab*cac*b,data/benchmark_inputs/abc_random_medium.txt,medium,1000000,sfa,4,2,0.00325686,ACCEPT,,,
search,abc_block_search,ab*cac*b,data/benchmark_inputs/abc_random_medium.txt,medium,1000000,sfa,8,0,0.00294388,ACCEPT,,,
search,abc_block_search,ab*cac*b,data/benchmark_inputs/abc_random_medium.txt,medium,1000000,sfa,8,1,0.00603385,ACCEPT,,,
search,abc_block_search,ab*cac*b,data/benchmark_inputs/abc_random_medium.txt,medium,1000000,sfa,8,2,0.00360193,ACCEPT,,,
search,abc_block_search,ab*cac*b,data/benchmark_inputs/abc_random_medium.txt,medium,1000000,sfa,16,0,0.00335588,ACCEPT,,,
search,abc_block_search,ab*cac*b,data/benchmark_inputs/abc_random_medium.txt,medium,1000000,sfa,16,1,0.00339186,ACCEPT,,,
search,abc_block_search,ab*cac*b,data/benchmark_inputs/abc_random_medium.txt,medium,1000000,sfa,16,2,0.00285864,ACCEPT,,,
search,abc_block_search,ab*cac*b,data/benchmark_inputs/abc_random_large.txt,large,50000000,sequential,1,0,0.08451949,ACCEPT,,,
search,abc_block_search,ab*cac*b,data/benchmark_inputs/abc_random_large.txt,large,50000000,sequential,1,1,0.08746348,ACCEPT,,,
search,abc_block_search,ab*cac*b,data/benchmark_inputs/abc_random_large.txt,large,50000000,sequential,1,2,0.08266397,ACCEPT,,,
search,abc_block_search,ab*cac*b,data/benchmark_inputs/abc_random_large.txt,large,50000000,parallel,1,0,0.08278679,ACCEPT,,,
search,abc_block_search,ab*cac*b,data/benchmark_inputs/abc_random_large.txt,large,50000000,parallel,1,1,0.08169307,ACCEPT,,,
search,abc_block_search,ab*cac*b,data/benchmark_inputs/abc_random_large.txt,large,50000000,parallel,1,2,0.08201627,ACCEPT,,,
search,abc_block_search,ab*cac*b,data/benchmark_inputs/abc_random_large.txt,large,50000000,parallel,2,0,0.58675261,ACCEPT,,,
search,abc_block_search,ab*cac*b,data/benchmark_inputs/abc_random_large.txt,large,50000000,parallel,2,1,0.58922009,ACCEPT,,,
search,abc_block_search,ab*cac*b,data/benchmark_inputs/abc_random_large.txt,large,50000000,parallel,2,2,0.59057013,ACCEPT,,,
search,abc_block_search,ab*cac*b,data/benchmark_inputs/abc_random_large.txt,large,50000000,parallel,4,0,0.32279651,ACCEPT,,,
search,abc_block_search,ab*cac*b,data/benchmark_inputs/abc_random_large.txt,large,50000000,parallel,4,1,0.31314478,ACCEPT,,,
search,abc_block_search,ab*cac*b,data/benchmark_inputs/abc_random_large.txt,large,50000000,parallel,4,2,0.32515033,ACCEPT,,,
search,abc_block_search,ab*cac*b,data/benchmark_inputs/abc_random_large.txt,large,50000000,parallel,8,0,0.21327477,ACCEPT,,,
search,abc_block_search,ab*cac*b,data/benchmark_inputs/abc_random_large.txt,large,50000000,parallel,8,1,0.21513215,ACCEPT,,,
search,abc_block_search,ab*cac*b,data/benchmark_inputs/abc_random_large.txt,large,50000000,parallel,8,2,0.21623802,ACCEPT,,,
search,abc_block_search,ab*cac*b,data/benchmark_inputs/abc_random_large.txt,large,50000000,parallel,16,0,0.13513216,ACCEPT,,,
search,abc_block_search,ab*cac*b,data/benchmark_inputs/abc_random_large.txt,large,50000000,parallel,16,1,0.13772474,ACCEPT,,,
search,abc_block_search,ab*cac*b,data/benchmark_inputs/abc_random_large.txt,large,50000000,parallel,16,2,0.14659424,ACCEPT,,,
search,abc_block_search,ab*cac*b,data/benchmark_inputs/abc_random_large.txt,large,50000000,pruned,1,0,0.09395844,ACCEPT,,,
search,abc_block_search,ab*cac*b,data/benchmark_inputs/abc_random_large.txt,large,50000000,pruned,1,1,0.08216609,ACCEPT,,,
search,abc_block_search,ab*cac*b,data/benchmark_inputs/abc_random_large.txt,large,50000000,pruned,1,2,0.09038188,ACCEPT,,,
search,abc_block_search,ab*cac*b,data/benchmark_inputs/abc_random_large.txt,large,50000000,pruned,2,0,0.11304457,ACCEPT,3,2,2
search,abc_block_search,ab*cac*b,data/benchmark_inputs/abc_random_large.txt,large,50000000,pruned,2,1,0.11587335,ACCEPT,3,2,2
search,abc_block_search,ab*cac*b,data/benchmark_inputs/abc_random_large.txt,large,50000000,pruned,2,2,0.11204766,ACCEPT,3,2,2
search,abc_block_search,ab*cac*b,data/benchmark_inputs/abc_random_large.txt,large,50000000,pruned,4,0,0.08472402,ACCEPT,3,2,2
search,abc_block_search,ab*cac*b,data/benchmark_inputs/abc_random_large.txt,large,50000000,pruned,4,1,0.08185765,ACCEPT,3,2,2
search,abc_block_search,ab*cac*b,data/benchmark_inputs/abc_random_large.txt,large,50000000,pruned,4,2,0.07766638,ACCEPT,3,2,2
search,abc_block_search,ab*cac*b,data/benchmark_inputs/abc_random_large.txt,large,50000000,pruned,8,0,0.07393569,ACCEPT,3,2.28571,4
search,abc_block_search,ab*cac*b,data/benchmark_inputs/abc_random_large.txt,large,50000000,pruned,8,1,0.07634206,ACCEPT,3,2.28571,4
search,abc_block_search,ab*cac*b,data/benchmark_inputs/abc_random_large.txt,large,50000000,pruned,8,2,0.08034517,ACCEPT,3,2.28571,4
search,abc_block_search,ab*cac*b,data/benchmark_inputs/abc_random_large.txt,large,50000000,pruned,16,0,0.05999524,ACCEPT,3,2.26667,4
search,abc_block_search,ab*cac*b,data/benchmark_inputs/abc_random_large.txt,large,50000000,pruned,16,1,0.05921365,ACCEPT,3,2.26667,4
search,abc_block_search,ab*cac*b,data/benchmark_inputs/abc_random_large.txt,large,50000000,pruned,16,2,0.06443995,ACCEPT,3,2.26667,4
search,abc_block_search,ab*cac*b,data/benchmark_inputs/abc_random_large.txt,large,50000000,sfa,1,0,0.08176485,ACCEPT,,,
search,abc_block_search,ab*cac*b,data/benchmark_inputs/abc_random_large.txt,large,50000000,sfa,1,1,0.08251868,ACCEPT,,,
search,abc_block_search,ab*cac*b,data/benchmark_inputs/abc_random_large.txt,large,50000000,sfa,1,2,0.08360939,ACCEPT,,,
search,abc_block_search,ab*cac*b,data/benchmark_inputs/abc_random_large.txt,large,50000000,sfa,2,0,0.06146624,ACCEPT,,,
search,abc_block_search,ab*cac*b,data/benchmark_inputs/abc_random_large.txt,large,50000000,sfa,2,1,0.06606488,ACCEPT,,,
search,abc_block_search,ab*cac*b,data/benchmark_inputs/abc_random_large.txt,large,50000000,sfa,2,2,0.06152649,ACCEPT,,,
search,abc_block_search,ab*cac*b,data/benchmark_inputs/abc_random_large.txt,large,50000000,sfa,4,0,0.05224014,ACCEPT,,,
search,abc_block_search,ab*cac*b,data/benchmark_inputs/abc_random_large.txt,large,50000000,sfa,4,1,0.05353748,ACCEPT,,,
search,abc_block_search,ab*cac*b,data/benchmark_inputs/abc_random_large.txt,large,50000000,sfa,4,2,0.04948132,ACCEPT,,,
search,abc_block_search,ab*cac*b,data/benchmark_inputs/abc_random_large.txt,large,50000000,sfa,8,0,0.04292059,ACCEPT,,,
search,abc_block_search,ab*cac*b,data/benchmark_inputs/abc_random_large.txt,large,50000000,sfa,8,1,0.03856007,ACCEPT,,,
search,abc_block_search,ab*cac*b,data/benchmark_inputs/abc_random_large.txt,large,50000000,sfa,8,2,0.04359275,ACCEPT,,,
search,abc_block_search,ab*cac*b,data/benchmark_inputs/abc_random_large.txt,large,50000000,sfa,16,0,0.03954347,ACCEPT,,,
search,abc_block_search,ab*cac*b,data/benchmark_inputs/abc_random_large.txt,large,50000000,sfa,16,1,0.03829732,ACCEPT,,,
search,abc_block_search,ab*cac*b,data/benchmark_inputs/abc_random_large.txt,large,50000000,sfa,16,2,0.03640084,ACCEPT,,,
search,abc_block_search,ab*cac*b,data/benchmark_inputs/abc_random_huge.txt,huge,500000000,sequential,1,0,0.74546201,ACCEPT,,,
search,abc_block_search,ab*cac*b,data/benchmark_inputs/abc_random_huge.txt,huge,500000000,sequential,1,1,0.77688019,ACCEPT,,,
search,abc_block_search,ab*cac*b,data/benchmark_inputs/abc_random_huge.txt,huge,500000000,sequential,1,2,0.76619273,ACCEPT,,,
search,abc_block_search,ab*cac*b,data/benchmark_inputs/abc_random_huge.txt,huge,500000000,parallel,1,0,0.76725905,ACCEPT,,,
search,abc_block_search,ab*cac*b,data/benchmark_inputs/abc_random_huge.txt,huge,500000000,parallel,1,1,0.76074591,ACCEPT,,,
search,abc_block_search,ab*cac*b,data/benchmark_inputs/abc_random_huge.txt,huge,500000000,parallel,1,2,0.76725401,ACCEPT,,,
search,abc_block_search,ab*cac*b,data/benchmark_inputs/abc_random_huge.txt,huge,500000000,parallel,2,0,5.73543096,ACCEPT,,,
search,abc_block_search,ab*cac*b,data/benchmark_inputs/abc_random_huge.txt,huge,500000000,parallel,2,1,5.69767448,ACCEPT,,,
search,abc_block_search,ab*cac*b,data/benchmark_inputs/abc_random_huge.txt,huge,500000000,parallel,2,2,5.80594132,ACCEPT,,,
search,abc_block_search,ab*cac*b,data/benchmark_inputs/abc_random_huge.txt,huge,500000000,parallel,4,0,3.03898921,ACCEPT,,,
search,abc_block_search,ab*cac*b,data/benchmark_inputs/abc_random_huge.txt,huge,500000000,parallel,4,1,3.00236293,ACCEPT,,,
search,abc_block_search,ab*cac*b,data/benchmark_inputs/abc_random_huge.txt,huge,500000000,parallel,4,2,3.07793256,ACCEPT,,,
search,abc_block_search,ab*cac*b,data/benchmark_inputs/abc_random_huge.txt,huge,500000000,parallel,8,0,2.02369620,ACCEPT,,,
search,abc_block_search,ab*cac*b,data/benchmark_inputs/abc_random_huge.txt,huge,500000000,parallel,8,1,1.79598767,ACCEPT,,,
search,abc_block_search,ab*cac*b,data/benchmark_inputs/abc_random_huge.txt,huge,500000000,parallel,8,2,1.93069450,ACCEPT,,,
search,abc_block_search,ab*cac*b,data/benchmark_inputs/abc_random_huge.txt,huge,500000000,parallel,16,0,1.21181797,ACCEPT,,,
search,abc_block_search,ab*cac*b,data/benchmark_inputs/abc_random_huge.txt,huge,500000000,parallel,16,1,1.18803465,ACCEPT,,,
search,abc_block_search,ab*cac*b,data/benchmark_inputs/abc_random_huge.txt,huge,500000000,parallel,16,2,1.19643581,ACCEPT,,,
search,abc_block_search,ab*cac*b,data/benchmark_inputs/abc_random_huge.txt,huge,500000000,pruned,1,0,0.77000855,ACCEPT,,,
search,abc_block_search,ab*cac*b,data/benchmark_inputs/abc_random_huge.txt,huge,500000000,pruned,1,1,0.77349171,ACCEPT,,,
search,abc_block_search,ab*cac*b,data/benchmark_inputs/abc_random_huge.txt,huge,500000000,pruned,1,2,0.76977986,ACCEPT,,,
search,abc_block_search,ab*cac*b,data/benchmark_inputs/abc_random_huge.txt,huge,500000000,pruned,2,0,0.94628520,ACCEPT,3,2,2
search,abc_block_search,ab*cac*b,data/benchmark_inputs/abc_random_huge.txt,huge,500000000,pruned,2,1,0.94669233,ACCEPT,3,2,2
search,abc_block_search,ab*cac*b,data/benchmark_inputs/abc_random_huge.txt,huge,500000000,pruned,2,2,0.95016763,ACCEPT,3,2,2
search,abc_block_search,ab*cac*b,data/benchmark_inputs/abc_random_huge.txt,huge,500000000,pruned,4,0,0.86171433,ACCEPT,3,2.66667,4
search,abc_block_search,ab*cac*b,data/benchmark_inputs/abc_random_huge.txt,huge,500000000,pruned,4,1,0.86197623,ACCEPT,3,2.66667,4
search,abc_block_search,ab*cac*b,data/benchmark_inputs/abc_random_huge.txt,huge,500000000,pruned,4,2,0.86987676,ACCEPT,3,2.66667,4
search,abc_block_search,ab*cac*b,data/benchmark_inputs/abc_random_huge.txt,huge,500000000,pruned,8,0,0.58653006,ACCEPT,3,2.57143,4
search,abc_block_search,ab*cac*b,data/benchmark_inputs/abc_random_huge.txt,huge,500000000,pruned,8,1,0.59583906,ACCEPT,3,2.57143,4
search,abc_block_search,ab*cac*b,data/benchmark_inputs/abc_random_huge.txt,huge,500000000,pruned,8,2,0.59294921,ACCEPT,3,2.57143,4
search,abc_block_search,ab*cac*b,data/benchmark_inputs/abc_random_huge.txt,huge,500000000,pruned,16,0,0.49589867,ACCEPT,3,2.73333,4
search,abc_block_search,ab*cac*b,data/benchmark_inputs/abc_random_huge.txt,huge,500000000,pruned,16,1,0.47591246,ACCEPT,3,2.73333,4
search,abc_block_search,ab*cac*b,data/benchmark_inputs/abc_random_huge.txt,huge,500000000,pruned,16,2,0.48813826,ACCEPT,3,2.73333,4
search,abc_block_search,ab*cac*b,data/benchmark_inputs/abc_random_huge.txt,huge,500000000,sfa,1,0,0.76649379,ACCEPT,,,
search,abc_block_search,ab*cac*b,data/benchmark_inputs/abc_random_huge.txt,huge,500000000,sfa,1,1,0.76413632,ACCEPT,,,
search,abc_block_search,ab*cac*b,data/benchmark_inputs/abc_random_huge.txt,huge,500000000,sfa,1,2,0.77074967,ACCEPT,,,
search,abc_block_search,ab*cac*b,data/benchmark_inputs/abc_random_huge.txt,huge,500000000,sfa,2,0,0.53704058,ACCEPT,,,
search,abc_block_search,ab*cac*b,data/benchmark_inputs/abc_random_huge.txt,huge,500000000,sfa,2,1,0.52886635,ACCEPT,,,
search,abc_block_search,ab*cac*b,data/benchmark_inputs/abc_random_huge.txt,huge,500000000,sfa,2,2,0.53437270,ACCEPT,,,
search,abc_block_search,ab*cac*b,data/benchmark_inputs/abc_random_huge.txt,huge,500000000,sfa,4,0,0.41451869,ACCEPT,,,
search,abc_block_search,ab*cac*b,data/benchmark_inputs/abc_random_huge.txt,huge,500000000,sfa,4,1,0.41679220,ACCEPT,,,
search,abc_block_search,ab*cac*b,data/benchmark_inputs/abc_random_huge.txt,huge,500000000,sfa,4,2,0.41868336,ACCEPT,,,
search,abc_block_search,ab*cac*b,data/benchmark_inputs/abc_random_huge.txt,huge,500000000,sfa,8,0,0.36378409,ACCEPT,,,
search,abc_block_search,ab*cac*b,data/benchmark_inputs/abc_random_huge.txt,huge,500000000,sfa,8,1,0.35812162,ACCEPT,,,
search,abc_block_search,ab*cac*b,data/benchmark_inputs/abc_random_huge.txt,huge,500000000,sfa,8,2,0.35682258,ACCEPT,,,
search,abc_block_search,ab*cac*b,data/benchmark_inputs/abc_random_huge.txt,huge,500000000,sfa,16,0,0.32658707,ACCEPT,,,
search,abc_block_search,ab*cac*b,data/benchmark_inputs/abc_random_huge.txt,huge,500000000,sfa,16,1,0.30620972,ACCEPT,,,
search,abc_block_search,ab*cac*b,data/benchmark_inputs/abc_random_huge.txt,huge,500000000,sfa,16,2,0.30516511,ACCEPT,,,
search,abc_block_search,ab*cac*b,data/benchmark_inputs/abc_random_gigantic.txt,gigantic,1000000000,sequential,1,0,1.52595561,ACCEPT,,,
search,abc_block_search,ab*cac*b,data/benchmark_inputs/abc_random_gigantic.txt,gigantic,1000000000,sequential,1,1,1.48985985,ACCEPT,,,
search,abc_block_search,ab*cac*b,data/benchmark_inputs/abc_random_gigantic.txt,gigantic,1000000000,sequential,1,2,1.52934451,ACCEPT,,,
search,abc_block_search,ab*cac*b,data/benchmark_inputs/abc_random_gigantic.txt,gigantic,1000000000,parallel,1,0,1.51707801,ACCEPT,,,
search,abc_block_search,ab*cac*b,data/benchmark_inputs/abc_random_gigantic.txt,gigantic,1000000000,parallel,1,1,1.54863935,ACCEPT,,,
search,abc_block_search,ab*cac*b,data/benchmark_inputs/abc_random_gigantic.txt,gigantic,1000000000,parallel,1,2,1.51010741,ACCEPT,,,
search,abc_block_search,ab*cac*b,data/benchmark_inputs/abc_random_gigantic.txt,gigantic,1000000000,parallel,2,0,11.40369941,ACCEPT,,,
search,abc_block_search,ab*cac*b,data/benchmark_inputs/abc_random_gigantic.txt,gigantic,1000000000,parallel,2,1,11.50682584,ACCEPT,,,
search,abc_block_search,ab*cac*b,data/benchmark_inputs/abc_random_gigantic.txt,gigantic,1000000000,parallel,2,2,11.52260475,ACCEPT,,,
search,abc_block_search,ab*cac*b,data/benchmark_inputs/abc_random_gigantic.txt,gigantic,1000000000,parallel,4,0,6.07235193,ACCEPT,,,
search,abc_block_search,ab*cac*b,data/benchmark_inputs/abc_random_gigantic.txt,gigantic,1000000000,parallel,4,1,5.93750164,ACCEPT,,,
search,abc_block_search,ab*cac*b,data/benchmark_inputs/abc_random_gigantic.txt,gigantic,1000000000,parallel,4,2,6.04870532,ACCEPT,,,
search,abc_block_search,ab*cac*b,data/benchmark_inputs/abc_random_gigantic.txt,gigantic,1000000000,parallel,8,0,3.99648040,ACCEPT,,,
search,abc_block_search,ab*cac*b,data/benchmark_inputs/abc_random_gigantic.txt,gigantic,1000000000,parallel,8,1,3.95815911,ACCEPT,,,
search,abc_block_search,ab*cac*b,data/benchmark_inputs/abc_random_gigantic.txt,gigantic,1000000000,parallel,8,2,3.96024444,ACCEPT,,,
search,abc_block_search,ab*cac*b,data/benchmark_inputs/abc_random_gigantic.txt,gigantic,1000000000,parallel,16,0,2.35892907,ACCEPT,,,
search,abc_block_search,ab*cac*b,data/benchmark_inputs/abc_random_gigantic.txt,gigantic,1000000000,parallel,16,1,2.36855257,ACCEPT,,,
search,abc_block_search,ab*cac*b,data/benchmark_inputs/abc_random_gigantic.txt,gigantic,1000000000,parallel,16,2,2.40519223,ACCEPT,,,
search,abc_block_search,ab*cac*b,data/benchmark_inputs/abc_random_gigantic.txt,gigantic,1000000000,pruned,1,0,1.48927749,ACCEPT,,,
search,abc_block_search,ab*cac*b,data/benchmark_inputs/abc_random_gigantic.txt,gigantic,1000000000,pruned,1,1,1.52626963,ACCEPT,,,
search,abc_block_search,ab*cac*b,data/benchmark_inputs/abc_random_gigantic.txt,gigantic,1000000000,pruned,1,2,1.51777330,ACCEPT,,,
search,abc_block_search,ab*cac*b,data/benchmark_inputs/abc_random_gigantic.txt,gigantic,1000000000,pruned,2,0,1.84508684,ACCEPT,3,2,2
search,abc_block_search,ab*cac*b,data/benchmark_inputs/abc_random_gigantic.txt,gigantic,1000000000,pruned,2,1,1.88981063,ACCEPT,3,2,2
search,abc_block_search,ab*cac*b,data/benchmark_inputs/abc_random_gigantic.txt,gigantic,1000000000,pruned,2,2,1.86198998,ACCEPT,3,2,2
search,abc_block_search,ab*cac*b,data/benchmark_inputs/abc_random_gigantic.txt,gigantic,1000000000,pruned,4,0,1.23819640,ACCEPT,3,2,2
search,abc_block_search,ab*cac*b,data/benchmark_inputs/abc_random_gigantic.txt,gigantic,1000000000,pruned,4,1,1.21728910,ACCEPT,3,2,2
search,abc_block_search,ab*cac*b,data/benchmark_inputs/abc_random_gigantic.txt,gigantic,1000000000,pruned,4,2,1.24709717,ACCEPT,3,2,2
search,abc_block_search,ab*cac*b,data/benchmark_inputs/abc_random_gigantic.txt,gigantic,1000000000,pruned,8,0,1.11446567,ACCEPT,3,2.28571,4
search,abc_block_search,ab*cac*b,data/benchmark_inputs/abc_random_gigantic.txt,gigantic,1000000000,pruned,8,1,1.12720852,ACCEPT,3,2.28571,4
search,abc_block_search,ab*cac*b,data/benchmark_inputs/abc_random_gigantic.txt,gigantic,1000000000,pruned,8,2,1.17329516,ACCEPT,3,2.28571,4
search,abc_block_search,ab*cac*b,data/benchmark_inputs/abc_random_gigantic.txt,gigantic,1000000000,pruned,16,0,0.96844747,ACCEPT,3,2.33333,4
search,abc_block_search,ab*cac*b,data/benchmark_inputs/abc_random_gigantic.txt,gigantic,1000000000,pruned,16,1,0.97524821,ACCEPT,3,2.33333,4
search,abc_block_search,ab*cac*b,data/benchmark_inputs/abc_random_gigantic.txt,gigantic,1000000000,pruned,16,2,0.94268362,ACCEPT,3,2.33333,4
search,abc_block_search,ab*cac*b,data/benchmark_inputs/abc_random_gigantic.txt,gigantic,1000000000,sfa,1,0,1.52580562,ACCEPT,,,
search,abc_block_search,ab*cac*b,data/benchmark_inputs/abc_random_gigantic.txt,gigantic,1000000000,sfa,1,1,1.52486658,ACCEPT,,,
search,abc_block_search,ab*cac*b,data/benchmark_inputs/abc_random_gigantic.txt,gigantic,1000000000,sfa,1,2,1.50098255,ACCEPT,,,
search,abc_block_search,ab*cac*b,data/benchmark_inputs/abc_random_gigantic.txt,gigantic,1000000000,sfa,2,0,1.05817826,ACCEPT,,,
search,abc_block_search,ab*cac*b,data/benchmark_inputs/abc_random_gigantic.txt,gigantic,1000000000,sfa,2,1,1.05472267,ACCEPT,,,
search,abc_block_search,ab*cac*b,data/benchmark_inputs/abc_random_gigantic.txt,gigantic,1000000000,sfa,2,2,1.05735507,ACCEPT,,,
search,abc_block_search,ab*cac*b,data/benchmark_inputs/abc_random_gigantic.txt,gigantic,1000000000,sfa,4,0,0.81588955,ACCEPT,,,
search,abc_block_search,ab*cac*b,data/benchmark_inputs/abc_random_gigantic.txt,gigantic,1000000000,sfa,4,1,0.81180952,ACCEPT,,,
search,abc_block_search,ab*cac*b,data/benchmark_inputs/abc_random_gigantic.txt,gigantic,1000000000,sfa,4,2,0.77229691,ACCEPT,,,
search,abc_block_search,ab*cac*b,data/benchmark_inputs/abc_random_gigantic.txt,gigantic,1000000000,sfa,8,0,0.72029399,ACCEPT,,,
search,abc_block_search,ab*cac*b,data/benchmark_inputs/abc_random_gigantic.txt,gigantic,1000000000,sfa,8,1,0.72039739,ACCEPT,,,
search,abc_block_search,ab*cac*b,data/benchmark_inputs/abc_random_gigantic.txt,gigantic,1000000000,sfa,8,2,0.71706097,ACCEPT,,,
search,abc_block_search,ab*cac*b,data/benchmark_inputs/abc_random_gigantic.txt,gigantic,1000000000,sfa,16,0,0.61632934,ACCEPT,,,
search,abc_block_search,ab*cac*b,data/benchmark_inputs/abc_random_gigantic.txt,gigantic,1000000000,sfa,16,1,0.61149809,ACCEPT,,,
search,abc_block_search,ab*cac*b,data/benchmark_inputs/abc_random_gigantic.txt,gigantic,1000000000,sfa,16,2,0.60739134,ACCEPT,,,
full,a_star,a*,data/benchmark_inputs/a_only_medium.txt,medium,1000000,sequential,1,0,0.00457480,ACCEPT,,,
full,a_star,a*,data/benchmark_inputs/a_only_medium.txt,medium,1000000,sequential,1,1,0.00448174,ACCEPT,,,
full,a_star,a*,data/benchmark_inputs/a_only_medium.txt,medium,1000000,sequential,1,2,0.00431030,ACCEPT,,,
full,a_star,a*,data/benchmark_inputs/a_only_medium.txt,medium,1000000,parallel,1,0,0.00376286,ACCEPT,,,
full,a_star,a*,data/benchmark_inputs/a_only_medium.txt,medium,1000000,parallel,1,1,0.00374532,ACCEPT,,,
full,a_star,a*,data/benchmark_inputs/a_only_medium.txt,medium,1000000,parallel,1,2,0.00404309,ACCEPT,,,
full,a_star,a*,data/benchmark_inputs/a_only_medium.txt,medium,1000000,parallel,2,0,0.00543222,ACCEPT,,,
full,a_star,a*,data/benchmark_inputs/a_only_medium.txt,medium,1000000,parallel,2,1,0.00574324,ACCEPT,,,
full,a_star,a*,data/benchmark_inputs/a_only_medium.txt,medium,1000000,parallel,2,2,0.00489455,ACCEPT,,,
full,a_star,a*,data/benchmark_inputs/a_only_medium.txt,medium,1000000,parallel,4,0,0.00376502,ACCEPT,,,
full,a_star,a*,data/benchmark_inputs/a_only_medium.txt,medium,1000000,parallel,4,1,0.00403248,ACCEPT,,,
full,a_star,a*,data/benchmark_inputs/a_only_medium.txt,medium,1000000,parallel,4,2,0.00440273,ACCEPT,,,
full,a_star,a*,data/benchmark_inputs/a_only_medium.txt,medium,1000000,parallel,8,0,0.00322161,ACCEPT,,,
full,a_star,a*,data/benchmark_inputs/a_only_medium.txt,medium,1000000,parallel,8,1,0.00348231,ACCEPT,,,
full,a_star,a*,data/benchmark_inputs/a_only_medium.txt,medium,1000000,parallel,8,2,0.00331614,ACCEPT,,,
full,a_star,a*,data/benchmark_inputs/a_only_medium.txt,medium,1000000,parallel,16,0,0.00273217,ACCEPT,,,
full,a_star,a*,data/benchmark_inputs/a_only_medium.txt,medium,1000000,parallel,16,1,0.00281447,ACCEPT,,,
full,a_star,a*,data/benchmark_inputs/a_only_medium.txt,medium,1000000,parallel,16,2,0.00316892,ACCEPT,,,
full,a_star,a*,data/benchmark_inputs/a_only_medium.txt,medium,1000000,pruned,1,0,0.00359845,ACCEPT,,,
full,a_star,a*,data/benchmark_inputs/a_only_medium.txt,medium,1000000,pruned,1,1,0.00327458,ACCEPT,,,
full,a_star,a*,data/benchmark_inputs/a_only_medium.txt,medium,1000000,pruned,1,2,0.00332847,ACCEPT,,,
full,a_star,a*,data/benchmark_inputs/a_only_medium.txt,medium,1000000,pruned,2,0,0.00367730,ACCEPT,3,1,1
full,a_star,a*,data/benchmark_inputs/a_only_medium.txt,medium,1000000,pruned,2,1,0.00428716,ACCEPT,3,1,1
full,a_star,a*,data/benchmark_inputs/a_only_medium.txt,medium,1000000,pruned,2,2,0.00379116,ACCEPT,3,1,1
full,a_star,a*,data/benchmark_inputs/a_only_medium.txt,medium,1000000,pruned,4,0,0.00329476,ACCEPT,3,1,1
full,a_star,a*,data/benchmark_inputs/a_only_medium.txt,medium,1000000,pruned,4,1,0.00287449,ACCEPT,3,1,1
full,a_star,a*,data/benchmark_inputs/a_only_medium.txt,medium,1000000,pruned,4,2,0.00360105,ACCEPT,3,1,1
full,a_star,a*,data/benchmark_inputs/a_only_medium.txt,medium,1000000,pruned,8,0,0.00258868,ACCEPT,3,1,1
full,a_star,a*,data/benchmark_inputs/a_only_medium.txt,medium,1000000,pruned,8,1,0.00309333,ACCEPT,3,1,1
full,a_star,a*,data/benchmark_inputs/a_only_medium.txt,medium,1000000,pruned,8,2,0.00301918,ACCEPT,3,1,1
full,a_star,a*,data/benchmark_inputs/a_only_medium.txt,medium,1000000,pruned,16,0,0.00340685,ACCEPT,3,1,1
full,a_star,a*,data/benchmark_inputs/a_only_medium.txt,medium,1000000,pruned,16,1,0.00291823,ACCEPT,3,1,1
full,a_star,a*,data/benchmark_inputs/a_only_medium.txt,medium,1000000,pruned,16,2,0.00270556,ACCEPT,3,1,1
full,a_star,a*,data/benchmark_inputs/a_only_medium.txt,medium,1000000,sfa,1,0,0.00378489,ACCEPT,,,
full,a_star,a*,data/benchmark_inputs/a_only_medium.txt,medium,1000000,sfa,1,1,0.00390381,ACCEPT,,,
full,a_star,a*,data/benchmark_inputs/a_only_medium.txt,medium,1000000,sfa,1,2,0.00382270,ACCEPT,,,
full,a_star,a*,data/benchmark_inputs/a_only_medium.txt,medium,1000000,sfa,2,0,0.00287023,ACCEPT,,,
full,a_star,a*,data/benchmark_inputs/a_only_medium.txt,medium,1000000,sfa,2,1,0.00288707,ACCEPT,,,
full,a_star,a*,data/benchmark_inputs/a_only_medium.txt,medium,1000000,sfa,2,2,0.00313631,ACCEPT,,,
full,a_star,a*,data/benchmark_inputs/a_only_medium.txt,medium,1000000,sfa,4,0,0.00322412,ACCEPT,,,
full,a_star,a*,data/benchmark_inputs/a_only_medium.txt,medium,1000000,sfa,4,1,0.00302266,ACCEPT,,,
full,a_star,a*,data/benchmark_inputs/a_only_medium.txt,medium,1000000,sfa,4,2,0.00300719,ACCEPT,,,
full,a_star,a*,data/benchmark_inputs/a_only_medium.txt,medium,1000000,sfa,8,0,0.00283186,ACCEPT,,,
full,a_star,a*,data/benchmark_inputs/a_only_medium.txt,medium,1000000,sfa,8,1,0.00280299,ACCEPT,,,
full,a_star,a*,data/benchmark_inputs/a_only_medium.txt,medium,1000000,sfa,8,2,0.00278550,ACCEPT,,,
full,a_star,a*,data/benchmark_inputs/a_only_medium.txt,medium,1000000,sfa,16,0,0.00290987,ACCEPT,,,
full,a_star,a*,data/benchmark_inputs/a_only_medium.txt,medium,1000000,sfa,16,1,0.00314501,ACCEPT,,,
full,a_star,a*,data/benchmark_inputs/a_only_medium.txt,medium,1000000,sfa,16,2,0.00255345,ACCEPT,,,
full,a_star,a*,data/benchmark_inputs/a_only_large.txt,large,50000000,sequential,1,0,0.07342845,ACCEPT,,,
full,a_star,a*,data/benchmark_inputs/a_only_large.txt,large,50000000,sequential,1,1,0.07629194,ACCEPT,,,
full,a_star,a*,data/benchmark_inputs/a_only_large.txt,large,50000000,sequential,1,2,0.07843659,ACCEPT,,,
full,a_star,a*,data/benchmark_inputs/a_only_large.txt,large,50000000,parallel,1,0,0.07669667,ACCEPT,,,
full,a_star,a*,data/benchmark_inputs/a_only_large.txt,large,50000000,parallel,1,1,0.07447937,ACCEPT,,,
full,a_star,a*,data/benchmark_inputs/a_only_large.txt,large,50000000,parallel,1,2,0.07341876,ACCEPT,,,
full,a_star,a*,data/benchmark_inputs/a_only_large.txt,large,50000000,parallel,2,0,0.09659342,ACCEPT,,,
full,a_star,a*,data/benchmark_inputs/a_only_large.txt,large,50000000,parallel,2,1,0.09038675,ACCEPT,,,
full,a_star,a*,data/benchmark_inputs/a_only_large.txt,large,50000000,parallel,2,2,0.08748866,ACCEPT,,,
full,a_star,a*,data/benchmark_inputs/a_only_large.txt,large,50000000,parallel,4,0,0.05896523,ACCEPT,,,
full,a_star,a*,data/benchmark_inputs/a_only_large.txt,large,50000000,parallel,4,1,0.06633345,ACCEPT,,,
full,a_star,a*,data/benchmark_inputs/a_only_large.txt,large,50000000,parallel,4,2,0.06571966,ACCEPT,,,
full,a_star,a*,data/benchmark_inputs/a_only_large.txt,large,50000000,parallel,8,0,0.05583461,ACCEPT,,,
full,a_star,a*,data/benchmark_inputs/a_only_large.txt,large,50000000,parallel,8,1,0.05597018,ACCEPT,,,
full,a_star,a*,data/benchmark_inputs/a_only_large.txt,large,50000000,parallel,8,2,0.05610235,ACCEPT,,,
full,a_star,a*,data/benchmark_inputs/a_only_large.txt,large,50000000,parallel,16,0,0.04622930,ACCEPT,,,
full,a_star,a*,data/benchmark_inputs/a_only_large.txt,large,50000000,parallel,16,1,0.04823169,ACCEPT,,,
full,a_star,a*,data/benchmark_inputs/a_only_large.txt,large,50000000,parallel,16,2,0.04160056,ACCEPT,,,
full,a_star,a*,data/benchmark_inputs/a_only_large.txt,large,50000000,pruned,1,0,0.07401351,ACCEPT,,,
full,a_star,a*,data/benchmark_inputs/a_only_large.txt,large,50000000,pruned,1,1,0.07459296,ACCEPT,,,
full,a_star,a*,data/benchmark_inputs/a_only_large.txt,large,50000000,pruned,1,2,0.07880244,ACCEPT,,,
full,a_star,a*,data/benchmark_inputs/a_only_large.txt,large,50000000,pruned,2,0,0.08526886,ACCEPT,3,1,1
full,a_star,a*,data/benchmark_inputs/a_only_large.txt,large,50000000,pruned,2,1,0.08268292,ACCEPT,3,1,1
full,a_star,a*,data/benchmark_inputs/a_only_large.txt,large,50000000,pruned,2,2,0.07672730,ACCEPT,3,1,1
full,a_star,a*,data/benchmark_inputs/a_only_large.txt,large,50000000,pruned,4,0,0.06073127,ACCEPT,3,1,1
full,a_star,a*,data/benchmark_inputs/a_only_large.txt,large,50000000,pruned,4,1,0.06189349,ACCEPT,3,1,1
full,a_star,a*,data/benchmark_inputs/a_only_large.txt,large,50000000,pruned,4,2,0.06195899,ACCEPT,3,1,1
full,a_star,a*,data/benchmark_inputs/a_only_large.txt,large,50000000,pruned,8,0,0.04529777,ACCEPT,3,1,1
full,a_star,a*,data/benchmark_inputs/a_only_large.txt,large,50000000,pruned,8,1,0.04803661,ACCEPT,3,1,1
full,a_star,a*,data/benchmark_inputs/a_only_large.txt,large,50000000,pruned,8,2,0.04548383,ACCEPT,3,1,1
full,a_star,a*,data/benchmark_inputs/a_only_large.txt,large,50000000,pruned,16,0,0.04548276,ACCEPT,3,1,1
full,a_star,a*,data/benchmark_inputs/a_only_large.txt,large,50000000,pruned,16,1,0.03768262,ACCEPT,3,1,1
full,a_star,a*,data/benchmark_inputs/a_only_large.txt,large,50000000,pruned,16,2,0.03677483,ACCEPT,3,1,1
full,a_star,a*,data/benchmark_inputs/a_only_large.txt,large,50000000,sfa,1,0,0.08081063,ACCEPT,,,
full,a_star,a*,data/benchmark_inputs/a_only_large.txt,large,50000000,sfa,1,1,0.07611580,ACCEPT,,,
full,a_star,a*,data/benchmark_inputs/a_only_large.txt,large,50000000,sfa,1,2,0.08222355,ACCEPT,,,
full,a_star,a*,data/benchmark_inputs/a_only_large.txt,large,50000000,sfa,2,0,0.05241293,ACCEPT,,,
full,a_star,a*,data/benchmark_inputs/a_only_large.txt,large,50000000,sfa,2,1,0.05184485,ACCEPT,,,
full,a_star,a*,data/benchmark_inputs/a_only_large.txt,large,50000000,sfa,2,2,0.05288092,ACCEPT,,,
full,a_star,a*,data/benchmark_inputs/a_only_large.txt,large,50000000,sfa,4,0,0.04034542,ACCEPT,,,
full,a_star,a*,data/benchmark_inputs/a_only_large.txt,large,50000000,sfa,4,1,0.04292940,ACCEPT,,,
full,a_star,a*,data/benchmark_inputs/a_only_large.txt,large,50000000,sfa,4,2,0.03914545,ACCEPT,,,
full,a_star,a*,data/benchmark_inputs/a_only_large.txt,large,50000000,sfa,8,0,0.03401798,ACCEPT,,,
full,a_star,a*,data/benchmark_inputs/a_only_large.txt,large,50000000,sfa,8,1,0.03277385,ACCEPT,,,
full,a_star,a*,data/benchmark_inputs/a_only_large.txt,large,50000000,sfa,8,2,0.04392011,ACCEPT,,,
full,a_star,a*,data/benchmark_inputs/a_only_large.txt,large,50000000,sfa,16,0,0.03141958,ACCEPT,,,
full,a_star,a*,data/benchmark_inputs/a_only_large.txt,large,50000000,sfa,16,1,0.03102665,ACCEPT,,,
full,a_star,a*,data/benchmark_inputs/a_only_large.txt,large,50000000,sfa,16,2,0.02943921,ACCEPT,,,
full,a_star,a*,data/benchmark_inputs/a_only_huge.txt,huge,500000000,sequential,1,0,0.69739051,ACCEPT,,,
full,a_star,a*,data/benchmark_inputs/a_only_huge.txt,huge,500000000,sequential,1,1,0.69781885,ACCEPT,,,
full,a_star,a*,data/benchmark_inputs/a_only_huge.txt,huge,500000000,sequential,1,2,0.68878166,ACCEPT,,,
full,a_star,a*,data/benchmark_inputs/a_only_huge.txt,huge,500000000,parallel,1,0,0.68728593,ACCEPT,,,
full,a_star,a*,data/benchmark_inputs/a_only_huge.txt,huge,500000000,parallel,1,1,0.68703692,ACCEPT,,,
full,a_star,a*,data/benchmark_inputs/a_only_huge.txt,huge,500000000,parallel,1,2,0.68853303,ACCEPT,,,
full,a_star,a*,data/benchmark_inputs/a_only_huge.txt,huge,500000000,parallel,2,0,0.77758192,ACCEPT,,,
full,a_star,a*,data/benchmark_inputs/a_only_huge.txt,huge,500000000,parallel,2,1,0.77828280,ACCEPT,,,
full,a_star,a*,data/benchmark_inputs/a_only_huge.txt,huge,500000000,parallel,2,2,0.77740954,ACCEPT,,,
full,a_star,a*,data/benchmark_inputs/a_only_huge.txt,huge,500000000,parallel,4,0,0.51180734,ACCEPT,,,
full,a_star,a*,data/benchmark_inputs/a_only_huge.txt,huge,500000000,parallel,4,1,0.53220954,ACCEPT,,,
full,a_star,a*,data/benchmark_inputs/a_only_huge.txt,huge,500000000,parallel,4,2,0.53592347,ACCEPT,,,
full,a_star,a*,data/benchmark_inputs/a_only_huge.txt,huge,500000000,parallel,8,0,0.42001780,ACCEPT,,,
full,a_star,a*,data/benchmark_inputs/a_only_huge.txt,huge,500000000,parallel,8,1,0.41811274,ACCEPT,,,
full,a_star,a*,data/benchmark_inputs/a_only_huge.txt,huge,500000000,parallel,8,2,0.46834443,ACCEPT,,,
full,a_star,a*,data/benchmark_inputs/a_only_huge.txt,huge,500000000,parallel,16,0,0.35665404,ACCEPT,,,
full,a_star,a*,data/benchmark_inputs/a_only_huge.txt,huge,500000000,parallel,16,1,0.35075684,ACCEPT,,,
full,a_star,a*,data/benchmark_inputs/a_only_huge.txt,huge,500000000,parallel,16,2,0.36147443,ACCEPT,,,
full,a_star,a*,data/benchmark_inputs/a_only_huge.txt,huge,500000000,pruned,1,0,0.68428441,ACCEPT,,,
full,a_star,a*,data/benchmark_inputs/a_only_huge.txt,huge,500000000,pruned,1,1,0.68696239,ACCEPT,,,
full,a_star,a*,data/benchmark_inputs/a_only_huge.txt,huge,500000000,pruned,1,2,0.69513158,ACCEPT,,,
full,a_star,a*,data/benchmark_inputs/a_only_huge.txt,huge,500000000,pruned,2,0,0.69152041,ACCEPT,3,1,1
full,a_star,a*,data/benchmark_inputs/a_only_huge.txt,huge,500000000,pruned,2,1,0.69102599,ACCEPT,3,1,1
full,a_star,a*,data/benchmark_inputs/a_only_huge.txt,huge,500000000,pruned,2,2,0.69051468,ACCEPT,3,1,1
full,a_star,a*,data/benchmark_inputs/a_only_huge.txt,huge,500000000,pruned,4,0,0.45949533,ACCEPT,3,1,1
full,a_star,a*,data/benchmark_inputs/a_only_huge.txt,huge,500000000,pruned,4,1,0.46201385,ACCEPT,3,1,1
full,a_star,a*,data/benchmark_inputs/a_only_huge.txt,huge,500000000,pruned,4,2,0.45383445,ACCEPT,3,1,1
full,a_star,a*,data/benchmark_inputs/a_only_huge.txt,huge,500000000,pruned,8,0,0.37534121,ACCEPT,3,1,1
full,a_star,a*,data/benchmark_inputs/a_only_huge.txt,huge,500000000,pruned,8,1,0.37101743,ACCEPT,3,1,1
full,a_star,a*,data/benchmark_inputs/a_only_huge.txt,huge,500000000,pruned,8,2,0.37378758,ACCEPT,3,1,1
full,a_star,a*,data/benchmark_inputs/a_only_huge.txt,huge,500000000,pruned,16,0,0.29194272,ACCEPT,3,1,1
full,a_star,a*,data/benchmark_inputs/a_only_huge.txt,huge,500000000,pruned,16,1,0.29112687,ACCEPT,3,1,1
full,a_star,a*,data/benchmark_inputs/a_only_huge.txt,huge,500000000,pruned,16,2,0.29278303,ACCEPT,3,1,1
full,a_star,a*,data/benchmark_inputs/a_only_huge.txt,huge,500000000,sfa,1,0,0.68724805,ACCEPT,,,
full,a_star,a*,data/benchmark_inputs/a_only_huge.txt,huge,500000000,sfa,1,1,0.69252541,ACCEPT,,,
full,a_star,a*,data/benchmark_inputs/a_only_huge.txt,huge,500000000,sfa,1,2,0.69097189,ACCEPT,,,
full,a_star,a*,data/benchmark_inputs/a_only_huge.txt,huge,500000000,sfa,2,0,0.46022938,ACCEPT,,,
full,a_star,a*,data/benchmark_inputs/a_only_huge.txt,huge,500000000,sfa,2,1,0.45346369,ACCEPT,,,
full,a_star,a*,data/benchmark_inputs/a_only_huge.txt,huge,500000000,sfa,2,2,0.45331176,ACCEPT,,,
full,a_star,a*,data/benchmark_inputs/a_only_huge.txt,huge,500000000,sfa,4,0,0.34012862,ACCEPT,,,
full,a_star,a*,data/benchmark_inputs/a_only_huge.txt,huge,500000000,sfa,4,1,0.34498354,ACCEPT,,,
full,a_star,a*,data/benchmark_inputs/a_only_huge.txt,huge,500000000,sfa,4,2,0.34734617,ACCEPT,,,
full,a_star,a*,data/benchmark_inputs/a_only_huge.txt,huge,500000000,sfa,8,0,0.28197183,ACCEPT,,,
full,a_star,a*,data/benchmark_inputs/a_only_huge.txt,huge,500000000,sfa,8,1,0.28059220,ACCEPT,,,
full,a_star,a*,data/benchmark_inputs/a_only_huge.txt,huge,500000000,sfa,8,2,0.28134150,ACCEPT,,,
full,a_star,a*,data/benchmark_inputs/a_only_huge.txt,huge,500000000,sfa,16,0,0.24468890,ACCEPT,,,
full,a_star,a*,data/benchmark_inputs/a_only_huge.txt,huge,500000000,sfa,16,1,0.24560895,ACCEPT,,,
full,a_star,a*,data/benchmark_inputs/a_only_huge.txt,huge,500000000,sfa,16,2,0.24561464,ACCEPT,,,
full,a_star,a*,data/benchmark_inputs/a_only_gigantic.txt,gigantic,1000000000,sequential,1,0,1.34675897,ACCEPT,,,
full,a_star,a*,data/benchmark_inputs/a_only_gigantic.txt,gigantic,1000000000,sequential,1,1,1.36087353,ACCEPT,,,
full,a_star,a*,data/benchmark_inputs/a_only_gigantic.txt,gigantic,1000000000,sequential,1,2,1.35491861,ACCEPT,,,
full,a_star,a*,data/benchmark_inputs/a_only_gigantic.txt,gigantic,1000000000,parallel,1,0,1.34320968,ACCEPT,,,
full,a_star,a*,data/benchmark_inputs/a_only_gigantic.txt,gigantic,1000000000,parallel,1,1,1.34406282,ACCEPT,,,
full,a_star,a*,data/benchmark_inputs/a_only_gigantic.txt,gigantic,1000000000,parallel,1,2,1.34367714,ACCEPT,,,
full,a_star,a*,data/benchmark_inputs/a_only_gigantic.txt,gigantic,1000000000,parallel,2,0,1.53289137,ACCEPT,,,
full,a_star,a*,data/benchmark_inputs/a_only_gigantic.txt,gigantic,1000000000,parallel,2,1,1.53181809,ACCEPT,,,
full,a_star,a*,data/benchmark_inputs/a_only_gigantic.txt,gigantic,1000000000,parallel,2,2,1.53175148,ACCEPT,,,
full,a_star,a*,data/benchmark_inputs/a_only_gigantic.txt,gigantic,1000000000,parallel,4,0,0.97373779,ACCEPT,,,
full,a_star,a*,data/benchmark_inputs/a_only_gigantic.txt,gigantic,1000000000,parallel,4,1,0.98442086,ACCEPT,,,
full,a_star,a*,data/benchmark_inputs/a_only_gigantic.txt,gigantic,1000000000,parallel,4,2,0.99743204,ACCEPT,,,
full,a_star,a*,data/benchmark_inputs/a_only_gigantic.txt,gigantic,1000000000,parallel,8,0,0.84058071,ACCEPT,,,
full,a_star,a*,data/benchmark_inputs/a_only_gigantic.txt,gigantic,1000000000,parallel,8,1,0.83916693,ACCEPT,,,
full,a_star,a*,data/benchmark_inputs/a_only_gigantic.txt,gigantic,1000000000,parallel,8,2,0.84104752,ACCEPT,,,
full,a_star,a*,data/benchmark_inputs/a_only_gigantic.txt,gigantic,1000000000,parallel,16,0,0.66000986,ACCEPT,,,
full,a_star,a*,data/benchmark_inputs/a_only_gigantic.txt,gigantic,1000000000,parallel,16,1,0.66263234,ACCEPT,,,
full,a_star,a*,data/benchmark_inputs/a_only_gigantic.txt,gigantic,1000000000,parallel,16,2,0.65174165,ACCEPT,,,
full,a_star,a*,data/benchmark_inputs/a_only_gigantic.txt,gigantic,1000000000,pruned,1,0,1.35794453,ACCEPT,,,
full,a_star,a*,data/benchmark_inputs/a_only_gigantic.txt,gigantic,1000000000,pruned,1,1,1.35818411,ACCEPT,,,
full,a_star,a*,data/benchmark_inputs/a_only_gigantic.txt,gigantic,1000000000,pruned,1,2,1.37979987,ACCEPT,,,
full,a_star,a*,data/benchmark_inputs/a_only_gigantic.txt,gigantic,1000000000,pruned,2,0,1.37973239,ACCEPT,3,1,1
full,a_star,a*,data/benchmark_inputs/a_only_gigantic.txt,gigantic,1000000000,pruned,2,1,1.36509189,ACCEPT,3,1,1
full,a_star,a*,data/benchmark_inputs/a_only_gigantic.txt,gigantic,1000000000,pruned,2,2,1.35454762,ACCEPT,3,1,1
full,a_star,a*,data/benchmark_inputs/a_only_gigantic.txt,gigantic,1000000000,pruned,4,0,0.89081577,ACCEPT,3,1,1
full,a_star,a*,data/benchmark_inputs/a_only_gigantic.txt,gigantic,1000000000,pruned,4,1,0.90196871,ACCEPT,3,1,1
full,a_star,a*,data/benchmark_inputs/a_only_gigantic.txt,gigantic,1000000000,pruned,4,2,0.88851323,ACCEPT,3,1,1
full,a_star,a*,data/benchmark_inputs/a_only_gigantic.txt,gigantic,1000000000,pruned,8,0,0.72375199,ACCEPT,3,1,1
full,a_star,a*,data/benchmark_inputs/a_only_gigantic.txt,gigantic,1000000000,pruned,8,1,0.69083414,ACCEPT,3,1,1
full,a_star,a*,data/benchmark_inputs/a_only_gigantic.txt,gigantic,1000000000,pruned,8,2,0.71582945,ACCEPT,3,1,1
full,a_star,a*,data/benchmark_inputs/a_only_gigantic.txt,gigantic,1000000000,pruned,16,0,0.57317667,ACCEPT,3,1,1
full,a_star,a*,data/benchmark_inputs/a_only_gigantic.txt,gigantic,1000000000,pruned,16,1,0.58666041,ACCEPT,3,1,1
full,a_star,a*,data/benchmark_inputs/a_only_gigantic.txt,gigantic,1000000000,pruned,16,2,0.58644364,ACCEPT,3,1,1
full,a_star,a*,data/benchmark_inputs/a_only_gigantic.txt,gigantic,1000000000,sfa,1,0,1.35888236,ACCEPT,,,
full,a_star,a*,data/benchmark_inputs/a_only_gigantic.txt,gigantic,1000000000,sfa,1,1,1.35331517,ACCEPT,,,
full,a_star,a*,data/benchmark_inputs/a_only_gigantic.txt,gigantic,1000000000,sfa,1,2,1.35451717,ACCEPT,,,
full,a_star,a*,data/benchmark_inputs/a_only_gigantic.txt,gigantic,1000000000,sfa,2,0,0.87759656,ACCEPT,,,
full,a_star,a*,data/benchmark_inputs/a_only_gigantic.txt,gigantic,1000000000,sfa,2,1,0.88700123,ACCEPT,,,
full,a_star,a*,data/benchmark_inputs/a_only_gigantic.txt,gigantic,1000000000,sfa,2,2,0.91040327,ACCEPT,,,
full,a_star,a*,data/benchmark_inputs/a_only_gigantic.txt,gigantic,1000000000,sfa,4,0,0.66809624,ACCEPT,,,
full,a_star,a*,data/benchmark_inputs/a_only_gigantic.txt,gigantic,1000000000,sfa,4,1,0.65866262,ACCEPT,,,
full,a_star,a*,data/benchmark_inputs/a_only_gigantic.txt,gigantic,1000000000,sfa,4,2,0.66051271,ACCEPT,,,
full,a_star,a*,data/benchmark_inputs/a_only_gigantic.txt,gigantic,1000000000,sfa,8,0,0.54872362,ACCEPT,,,
full,a_star,a*,data/benchmark_inputs/a_only_gigantic.txt,gigantic,1000000000,sfa,8,1,0.54558225,ACCEPT,,,
full,a_star,a*,data/benchmark_inputs/a_only_gigantic.txt,gigantic,1000000000,sfa,8,2,0.55246448,ACCEPT,,,
full,a_star,a*,data/benchmark_inputs/a_only_gigantic.txt,gigantic,1000000000,sfa,16,0,0.48477383,ACCEPT,,,
full,a_star,a*,data/benchmark_inputs/a_only_gigantic.txt,gigantic,1000000000,sfa,16,1,0.49095760,ACCEPT,,,
full,a_star,a*,data/benchmark_inputs/a_only_gigantic.txt,gigantic,1000000000,sfa,16,2,0.46880194,ACCEPT,,,
full,abc_star,(a|b|c)*,data/benchmark_inputs/abc_random_medium.txt,medium,1000000,sequential,1,0,0.00398963,ACCEPT,,,
full,abc_star,(a|b|c)*,data/benchmark_inputs/abc_random_medium.txt,medium,1000000,sequential,1,1,0.00432990,ACCEPT,,,
full,abc_star,(a|b|c)*,data/benchmark_inputs/abc_random_medium.txt,medium,1000000,sequential,1,2,0.00400998,ACCEPT,,,
full,abc_star,(a|b|c)*,data/benchmark_inputs/abc_random_medium.txt,medium,1000000,parallel,1,0,0.00346526,ACCEPT,,,
full,abc_star,(a|b|c)*,data/benchmark_inputs/abc_random_medium.txt,medium,1000000,parallel,1,1,0.00373106,ACCEPT,,,
full,abc_star,(a|b|c)*,data/benchmark_inputs/abc_random_medium.txt,medium,1000000,parallel,1,2,0.00367758,ACCEPT,,,
full,abc_star,(a|b|c)*,data/benchmark_inputs/abc_random_medium.txt,medium,1000000,parallel,2,0,0.00668926,ACCEPT,,,
full,abc_star,(a|b|c)*,data/benchmark_inputs/abc_random_medium.txt,medium,1000000,parallel,2,1,0.00680099,ACCEPT,,,
full,abc_star,(a|b|c)*,data/benchmark_inputs/abc_random_medium.txt,medium,1000000,parallel,2,2,0.00613455,ACCEPT,,,
full,abc_star,(a|b|c)*,data/benchmark_inputs/abc_random_medium.txt,medium,1000000,parallel,4,0,0.00490784,ACCEPT,,,
full,abc_star,(a|b|c)*,data/benchmark_inputs/abc_random_medium.txt,medium,1000000,parallel,4,1,0.00500707,ACCEPT,,,
full,abc_star,(a|b|c)*,data/benchmark_inputs/abc_random_medium.txt,medium,1000000,parallel,4,2,0.00489098,ACCEPT,,,
full,abc_star,(a|b|c)*,data/benchmark_inputs/abc_random_medium.txt,medium,1000000,parallel,8,0,0.00359935,ACCEPT,,,
full,abc_star,(a|b|c)*,data/benchmark_inputs/abc_random_medium.txt,medium,1000000,parallel,8,1,0.00390759,ACCEPT,,,
full,abc_star,(a|b|c)*,data/benchmark_inputs/abc_random_medium.txt,medium,1000000,parallel,8,2,0.00366197,ACCEPT,,,
full,abc_star,(a|b|c)*,data/benchmark_inputs/abc_random_medium.txt,medium,1000000,parallel,16,0,0.00338130,ACCEPT,,,
full,abc_star,(a|b|c)*,data/benchmark_inputs/abc_random_medium.txt,medium,1000000,parallel,16,1,0.00295694,ACCEPT,,,
full,abc_star,(a|b|c)*,data/benchmark_inputs/abc_random_medium.txt,medium,1000000,parallel,16,2,0.00404667,ACCEPT,,,
full,abc_star,(a|b|c)*,data/benchmark_inputs/abc_random_medium.txt,medium,1000000,pruned,1,0,0.00306530,ACCEPT,,,
full,abc_star,(a|b|c)*,data/benchmark_inputs/abc_random_medium.txt,medium,1000000,pruned,1,1,0.00367636,ACCEPT,,,
full,abc_star,(a|b|c)*,data/benchmark_inputs/abc_random_medium.txt,medium,1000000,pruned,1,2,0.00381006,ACCEPT,,,
full,abc_star,(a|b|c)*,data/benchmark_inputs/abc_random_medium.txt,medium,1000000,pruned,2,0,0.00441834,ACCEPT,3,1,1
full,abc_star,(a|b|c)*,data/benchmark_inputs/abc_random_medium.txt,medium,1000000,pruned,2,1,0.00421699,ACCEPT,3,1,1
full,abc_star,(a|b|c)*,data/benchmark_inputs/abc_random_medium.txt,medium,1000000,pruned,2,2,0.00376295,ACCEPT,3,1,1
full,abc_star,(a|b|c)*,data/benchmark_inputs/abc_random_medium.txt,medium,1000000,pruned,4,0,0.00380306,ACCEPT,3,1,1
full,abc_star,(a|b|c)*,data/benchmark_inputs/abc_random_medium.txt,medium,1000000,pruned,4,1,0.00342113,ACCEPT,3,1,1
full,abc_star,(a|b|c)*,data/benchmark_inputs/abc_random_medium.txt,medium,1000000,pruned,4,2,0.00380889,ACCEPT,3,1,1
full,abc_star,(a|b|c)*,data/benchmark_inputs/abc_random_medium.txt,medium,1000000,pruned,8,0,0.00313382,ACCEPT,3,1,1
full,abc_star,(a|b|c)*,data/benchmark_inputs/abc_random_medium.txt,medium,1000000,pruned,8,1,0.00319965,ACCEPT,3,1,1
full,abc_star,(a|b|c)*,data/benchmark_inputs/abc_random_medium.txt,medium,1000000,pruned,8,2,0.00289268,ACCEPT,3,1,1
full,abc_star,(a|b|c)*,data/benchmark_inputs/abc_random_medium.txt,medium,1000000,pruned,16,0,0.00346519,ACCEPT,3,1,1
full,abc_star,(a|b|c)*,data/benchmark_inputs/abc_random_medium.txt,medium,1000000,pruned,16,1,0.00350652,ACCEPT,3,1,1
full,abc_star,(a|b|c)*,data/benchmark_inputs/abc_random_medium.txt,medium,1000000,pruned,16,2,0.00351899,ACCEPT,3,1,1
full,abc_star,(a|b|c)*,data/benchmark_inputs/abc_random_medium.txt,medium,1000000,sfa,1,0,0.00397819,ACCEPT,,,
full,abc_star,(a|b|c)*,data/benchmark_inputs/abc_random_medium.txt,medium,1000000,sfa,1,1,0.00377429,ACCEPT,,,
full,abc_star,(a|b|c)*,data/benchmark_inputs/abc_random_medium.txt,medium,1000000,sfa,1,2,0.00388480,ACCEPT,,,
full,abc_star,(a|b|c)*,data/benchmark_inputs/abc_random_medium.txt,medium,1000000,sfa,2,0,0.00335292,ACCEPT,,,
full,abc_star,(a|b|c)*,data/benchmark_inputs/abc_random_medium.txt,medium,1000000,sfa,2,1,0.00330326,ACCEPT,,,
full,abc_star,(a|b|c)*,data/benchmark_inputs/abc_random_medium.txt,medium,1000000,sfa,2,2,0.00311383,ACCEPT,,,
full,abc_star,(a|b|c)*,data/benchmark_inputs/abc_random_medium.txt,medium,1000000,sfa,4,0,0.00293437,ACCEPT,,,
full,abc_star,(a|b|c)*,data/benchmark_inputs/abc_random_medium.txt,medium,1000000,sfa,4,1,0.00319637,ACCEPT,,,
full,abc_star,(a|b|c)*,data/benchmark_inputs/abc_random_medium.txt,medium,1000000,sfa,4,2,0.00320486,ACCEPT,,,
full,abc_star,(a|b|c)*,data/benchmark_inputs/abc_random_medium.txt,medium,1000000,sfa,8,0,0.00310580,ACCEPT,,,
full,abc_star,(a|b|c)*,data/benchmark_inputs/abc_random_medium.txt,medium,1000000,sfa,8,1,0.00288278,ACCEPT,,,
full,abc_star,(a|b|c)*,data/benchmark_inputs/abc_random_medium.txt,medium,1000000,sfa,8,2,0.00291794,ACCEPT,,,
full,abc_star,(a|b|c)*,data/benchmark_inputs/abc_random_medium.txt,medium,1000000,sfa,16,0,0.00295910,ACCEPT,,,
full,abc_star,(a|b|c)*,data/benchmark_inputs/abc_random_medium.txt,medium,1000000,sfa,16,1,0.00304129,ACCEPT,,,
full,abc_star,(a|b|c)*,data/benchmark_inputs/abc_random_medium.txt,medium,1000000,sfa,16,2,0.00254334,ACCEPT,,,
full,abc_star,(a|b|c)*,data/benchmark_inputs/abc_random_large.txt,large,50000000,sequential,1,0,0.07476754,ACCEPT,,,
full,abc_star,(a|b|c)*,data/benchmark_inputs/abc_random_large.txt,large,50000000,sequential,1,1,0.07897047,ACCEPT,,,
full,abc_star,(a|b|c)*,data/benchmark_inputs/abc_random_large.txt,large,50000000,sequential,1,2,0.07615713,ACCEPT,,,
full,abc_star,(a|b|c)*,data/benchmark_inputs/abc_random_large.txt,large,50000000,parallel,1,0,0.07715770,ACCEPT,,,
full,abc_star,(a|b|c)*,data/benchmark_inputs/abc_random_large.txt,large,50000000,parallel,1,1,0.07575067,ACCEPT,,,
full,abc_star,(a|b|c)*,data/benchmark_inputs/abc_random_large.txt,large,50000000,parallel,1,2,0.07529968,ACCEPT,,,
full,abc_star,(a|b|c)*,data/benchmark_inputs/abc_random_large.txt,large,50000000,parallel,2,0,0.14220432,ACCEPT,,,
full,abc_star,(a|b|c)*,data/benchmark_inputs/abc_random_large.txt,large,50000000,parallel,2,1,0.14116620,ACCEPT,,,
full,abc_star,(a|b|c)*,data/benchmark_inputs/abc_random_large.txt,large,50000000,parallel,2,2,0.14058434,ACCEPT,,,
full,abc_star,(a|b|c)*,data/benchmark_inputs/abc_random_large.txt,large,50000000,parallel,4,0,0.09547846,ACCEPT,,,
full,abc_star,(a|b|c)*,data/benchmark_inputs/abc_random_large.txt,large,50000000,parallel,4,1,0.09239906,ACCEPT,,,
full,abc_star,(a|b|c)*,data/benchmark_inputs/abc_random_large.txt,large,50000000,parallel,4,2,0.09465618,ACCEPT,,,
full,abc_star,(a|b|c)*,data/benchmark_inputs/abc_random_large.txt,large,50000000,parallel,8,0,0.07248704,ACCEPT,,,
full,abc_star,(a|b|c)*,data/benchmark_inputs/abc_random_large.txt,large,50000000,parallel,8,1,0.07057386,ACCEPT,,,
full,abc_star,(a|b|c)*,data/benchmark_inputs/abc_random_large.txt,large,50000000,parallel,8,2,0.07245697,ACCEPT,,,
full,abc_star,(a|b|c)*,data/benchmark_inputs/abc_random_large.txt,large,50000000,parallel,16,0,0.05539246,ACCEPT,,,
full,abc_star,(a|b|c)*,data/benchmark_inputs/abc_random_large.txt,large,50000000,parallel,16,1,0.05218014,ACCEPT,,,
full,abc_star,(a|b|c)*,data/benchmark_inputs/abc_random_large.txt,large,50000000,parallel,16,2,0.05291687,ACCEPT,,,
full,abc_star,(a|b|c)*,data/benchmark_inputs/abc_random_large.txt,large,50000000,pruned,1,0,0.07513346,ACCEPT,,,
full,abc_star,(a|b|c)*,data/benchmark_inputs/abc_random_large.txt,large,50000000,pruned,1,1,0.07630813,ACCEPT,,,
full,abc_star,(a|b|c)*,data/benchmark_inputs/abc_random_large.txt,large,50000000,pruned,1,2,0.07880878,ACCEPT,,,
full,abc_star,(a|b|c)*,data/benchmark_inputs/abc_random_large.txt,large,50000000,pruned,2,0,0.08171913,ACCEPT,3,1,1
full,abc_star,(a|b|c)*,data/benchmark_inputs/abc_random_large.txt,large,50000000,pruned,2,1,0.07638507,ACCEPT,3,1,1
full,abc_star,(a|b|c)*,data/benchmark_inputs/abc_random_large.txt,large,50000000,pruned,2,2,0.07883037,ACCEPT,3,1,1
full,abc_star,(a|b|c)*,data/benchmark_inputs/abc_random_large.txt,large,50000000,pruned,4,0,0.06325062,ACCEPT,3,1,1
full,abc_star,(a|b|c)*,data/benchmark_inputs/abc_random_large.txt,large,50000000,pruned,4,1,0.05859896,ACCEPT,3,1,1
full,abc_star,(a|b|c)*,data/benchmark_inputs/abc_random_large.txt,large,50000000,pruned,4,2,0.06080256,ACCEPT,3,1,1
full,abc_star,(a|b|c)*,data/benchmark_inputs/abc_random_large.txt,large,50000000,pruned,8,0,0.04936162,ACCEPT,3,1,1
full,abc_star,(a|b|c)*,data/benchmark_inputs/abc_random_large.txt,large,50000000,pruned,8,1,0.04553570,ACCEPT,3,1,1
full,abc_star,(a|b|c)*,data/benchmark_inputs/abc_random_large.txt,large,50000000,pruned,8,2,0.04371148,ACCEPT,3,1,1
full,abc_star,(a|b|c)*,data/benchmark_inputs/abc_random_large.txt,large,50000000,pruned,16,0,0.03730079,ACCEPT,3,1,1
full,abc_star,(a|b|c)*,data/benchmark_inputs/abc_random_large.txt,large,50000000,pruned,16,1,0.03678979,ACCEPT,3,1,1
full,abc_star,(a|b|c)*,data/benchmark_inputs/abc_random_large.txt,large,50000000,pruned,16,2,0.03507110,ACCEPT,3,1,1
full,abc_star,(a|b|c)*,data/benchmark_inputs/abc_random_large.txt,large,50000000,sfa,1,0,0.07729178,ACCEPT,,,
full,abc_star,(a|b|c)*,data/benchmark_inputs/abc_random_large.txt,large,50000000,sfa,1,1,0.08023502,ACCEPT,,,
full,abc_star,(a|b|c)*,data/benchmark_inputs/abc_random_large.txt,large,50000000,sfa,1,2,0.07580841,ACCEPT,,,
full,abc_star,(a|b|c)*,data/benchmark_inputs/abc_random_large.txt,large,50000000,sfa,2,0,0.05125298,ACCEPT,,,
full,abc_star,(a|b|c)*,data/benchmark_inputs/abc_random_large.txt,large,50000000,sfa,2,1,0.05355149,ACCEPT,,,
full,abc_star,(a|b|c)*,data/benchmark_inputs/abc_random_large.txt,large,50000000,sfa,2,2,0.05328381,ACCEPT,,,
full,abc_star,(a|b|c)*,data/benchmark_inputs/abc_random_large.txt,large,50000000,sfa,4,0,0.04139673,ACCEPT,,,
full,abc_star,(a|b|c)*,data/benchmark_inputs/abc_random_large.txt,large,50000000,sfa,4,1,0.04314265,ACCEPT,,,
full,abc_star,(a|b|c)*,data/benchmark_inputs/abc_random_large.txt,large,50000000,sfa,4,2,0.04128079,ACCEPT,,,
full,abc_star,(a|b|c)*,data/benchmark_inputs/abc_random_large.txt,large,50000000,sfa,8,0,0.03619093,ACCEPT,,,
full,abc_star,(a|b|c)*,data/benchmark_inputs/abc_random_large.txt,large,50000000,sfa,8,1,0.03463131,ACCEPT,,,
full,abc_star,(a|b|c)*,data/benchmark_inputs/abc_random_large.txt,large,50000000,sfa,8,2,0.03721890,ACCEPT,,,
full,abc_star,(a|b|c)*,data/benchmark_inputs/abc_random_large.txt,large,50000000,sfa,16,0,0.02902035,ACCEPT,,,
full,abc_star,(a|b|c)*,data/benchmark_inputs/abc_random_large.txt,large,50000000,sfa,16,1,0.03009595,ACCEPT,,,
full,abc_star,(a|b|c)*,data/benchmark_inputs/abc_random_large.txt,large,50000000,sfa,16,2,0.02900405,ACCEPT,,,
full,abc_star,(a|b|c)*,data/benchmark_inputs/abc_random_huge.txt,huge,500000000,sequential,1,0,0.68540557,ACCEPT,,,
full,abc_star,(a|b|c)*,data/benchmark_inputs/abc_random_huge.txt,huge,500000000,sequential,1,1,0.68714284,ACCEPT,,,
full,abc_star,(a|b|c)*,data/benchmark_inputs/abc_random_huge.txt,huge,500000000,sequential,1,2,0.68671935,ACCEPT,,,
full,abc_star,(a|b|c)*,data/benchmark_inputs/abc_random_huge.txt,huge,500000000,parallel,1,0,0.68325313,ACCEPT,,,
full,abc_star,(a|b|c)*,data/benchmark_inputs/abc_random_huge.txt,huge,500000000,parallel,1,1,0.68279145,ACCEPT,,,
full,abc_star,(a|b|c)*,data/benchmark_inputs/abc_random_huge.txt,huge,500000000,parallel,1,2,0.69391437,ACCEPT,,,
full,abc_star,(a|b|c)*,data/benchmark_inputs/abc_random_huge.txt,huge,500000000,parallel,2,0,1.29419842,ACCEPT,,,
full,abc_star,(a|b|c)*,data/benchmark_inputs/abc_random_huge.txt,huge,500000000,parallel,2,1,1.29763762,ACCEPT,,,
full,abc_star,(a|b|c)*,data/benchmark_inputs/abc_random_huge.txt,huge,500000000,parallel,2,2,1.28572956,ACCEPT,,,
full,abc_star,(a|b|c)*,data/benchmark_inputs/abc_random_huge.txt,huge,500000000,parallel,4,0,0.75155600,ACCEPT,,,
full,abc_star,(a|b|c)*,data/benchmark_inputs/abc_random_huge.txt,huge,500000000,parallel,4,1,0.75644168,ACCEPT,,,
full,abc_star,(a|b|c)*,data/benchmark_inputs/abc_random_huge.txt,huge,500000000,parallel,4,2,0.78788916,ACCEPT,,,
full,abc_star,(a|b|c)*,data/benchmark_inputs/abc_random_huge.txt,huge,500000000,parallel,8,0,0.62108918,ACCEPT,,,
full,abc_star,(a|b|c)*,data/benchmark_inputs/abc_random_huge.txt,huge,500000000,parallel,8,1,0.62747356,ACCEPT,,,
full,abc_star,(a|b|c)*,data/benchmark_inputs/abc_random_huge.txt,huge,500000000,parallel,8,2,0.62702776,ACCEPT,,,
full,abc_star,(a|b|c)*,data/benchmark_inputs/abc_random_huge.txt,huge,500000000,parallel,16,0,0.45124877,ACCEPT,,,
full,abc_star,(a|b|c)*,data/benchmark_inputs/abc_random_huge.txt,huge,500000000,parallel,16,1,0.46663535,ACCEPT,,,
full,abc_star,(a|b|c)*,data/benchmark_inputs/abc_random_huge.txt,huge,500000000,parallel,16,2,0.47535693,ACCEPT,,,
full,abc_star,(a|b|c)*,data/benchmark_inputs/abc_random_huge.txt,huge,500000000,pruned,1,0,0.68151542,ACCEPT,,,
full,abc_star,(a|b|c)*,data/benchmark_inputs/abc_random_huge.txt,huge,500000000,pruned,1,1,0.68400764,ACCEPT,,,
full,abc_star,(a|b|c)*,data/benchmark_inputs/abc_random_huge.txt,huge,500000000,pruned,1,2,0.67695920,ACCEPT,,,
full,abc_star,(a|b|c)*,data/benchmark_inputs/abc_random_huge.txt,huge,500000000,pruned,2,0,0.68227405,ACCEPT,3,1,1
full,abc_star,(a|b|c)*,data/benchmark_inputs/abc_random_huge.txt,huge,500000000,pruned,2,1,0.68368214,ACCEPT,3,1,1
full,abc_star,(a|b|c)*,data/benchmark_inputs/abc_random_huge.txt,huge,500000000,pruned,2,2,0.68602526,ACCEPT,3,1,1
full,abc_star,(a|b|c)*,data/benchmark_inputs/abc_random_huge.txt,huge,500000000,pruned,4,0,0.45964388,ACCEPT,3,1,1
full,abc_star,(a|b|c)*,data/benchmark_inputs/abc_random_huge.txt,huge,500000000,pruned,4,1,0.46477531,ACCEPT,3,1,1
full,abc_star,(a|b|c)*,data/benchmark_inputs/abc_random_huge.txt,huge,500000000,pruned,4,2,0.46074950,ACCEPT,3,1,1
full,abc_star,(a|b|c)*,data/benchmark_inputs/abc_random_huge.txt,huge,500000000,pruned,8,0,0.35975415,ACCEPT,3,1,1
full,abc_star,(a|b|c)*,data/benchmark_inputs/abc_random_huge.txt,huge,500000000,pruned,8,1,0.36376223,ACCEPT,3,1,1
full,abc_star,(a|b|c)*,data/benchmark_inputs/abc_random_huge.txt,huge,500000000,pruned,8,2,0.36431214,ACCEPT,3,1,1
full,abc_star,(a|b|c)*,data/benchmark_inputs/abc_random_huge.txt,huge,500000000,pruned,16,0,0.28825891,ACCEPT,3,1,1
full,abc_star,(a|b|c)*,data/benchmark_inputs/abc_random_huge.txt,huge,500000000,pruned,16,1,0.28985752,ACCEPT,3,1,1
full,abc_star,(a|b|c)*,data/benchmark_inputs/abc_random_huge.txt,huge,500000000,pruned,16,2,0.29204783,ACCEPT,3,1,1
full,abc_star,(a|b|c)*,data/benchmark_inputs/abc_random_huge.txt,huge,500000000,sfa,1,0,0.69539603,ACCEPT,,,
full,abc_star,(a|b|c)*,data/benchmark_inputs/abc_random_huge.txt,huge,500000000,sfa,1,1,0.68160942,ACCEPT,,,
full,abc_star,(a|b|c)*,data/benchmark_inputs/abc_random_huge.txt,huge,500000000,sfa,1,2,0.68895836,ACCEPT,,,
full,abc_star,(a|b|c)*,data/benchmark_inputs/abc_random_huge.txt,huge,500000000,sfa,2,0,0.45273588,ACCEPT,,,
full,abc_star,(a|b|c)*,data/benchmark_inputs/abc_random_huge.txt,huge,500000000,sfa,2,1,0.45313550,ACCEPT,,,
full,abc_star,(a|b|c)*,data/benchmark_inputs/abc_random_huge.txt,huge,500000000,sfa,2,2,0.44734244,ACCEPT,,,
full,abc_star,(a|b|c)*,data/benchmark_inputs/abc_random_huge.txt,huge,500000000,sfa,4,0,0.33685067,ACCEPT,,,
full,abc_star,(a|b|c)*,data/benchmark_inputs/abc_random_huge.txt,huge,500000000,sfa,4,1,0.33959395,ACCEPT,,,
full,abc_star,(a|b|c)*,data/benchmark_inputs/abc_random_huge.txt,huge,500000000,sfa,4,2,0.33998482,ACCEPT,,,
full,abc_star,(a|b|c)*,data/benchmark_inputs/abc_random_huge.txt,huge,500000000,sfa,8,0,0.27655731,ACCEPT,,,
full,abc_star,(a|b|c)*,data/benchmark_inputs/abc_random_huge.txt,huge,500000000,sfa,8,1,0.27963689,ACCEPT,,,
full,abc_star,(a|b|c)*,data/benchmark_inputs/abc_random_huge.txt,huge,500000000,sfa,8,2,0.27877046,ACCEPT,,,
full,abc_star,(a|b|c)*,data/benchmark_inputs/abc_random_huge.txt,huge,500000000,sfa,16,0,0.24655229,ACCEPT,,,
full,abc_star,(a|b|c)*,data/benchmark_inputs/abc_random_huge.txt,huge,500000000,sfa,16,1,0.24611159,ACCEPT,,,
full,abc_star,(a|b|c)*,data/benchmark_inputs/abc_random_huge.txt,huge,500000000,sfa,16,2,0.24159565,ACCEPT,,,
full,abc_star,(a|b|c)*,data/benchmark_inputs/abc_random_gigantic.txt,gigantic,1000000000,sequential,1,0,1.37190482,ACCEPT,,,
full,abc_star,(a|b|c)*,data/benchmark_inputs/abc_random_gigantic.txt,gigantic,1000000000,sequential,1,1,1.34835599,ACCEPT,,,
full,abc_star,(a|b|c)*,data/benchmark_inputs/abc_random_gigantic.txt,gigantic,1000000000,sequential,1,2,1.36173697,ACCEPT,,,
full,abc_star,(a|b|c)*,data/benchmark_inputs/abc_random_gigantic.txt,gigantic,1000000000,parallel,1,0,1.35776800,ACCEPT,,,
full,abc_star,(a|b|c)*,data/benchmark_inputs/abc_random_gigantic.txt,gigantic,1000000000,parallel,1,1,1.36847130,ACCEPT,,,
full,abc_star,(a|b|c)*,data/benchmark_inputs/abc_random_gigantic.txt,gigantic,1000000000,parallel,1,2,1.37672348,ACCEPT,,,
full,abc_star,(a|b|c)*,data/benchmark_inputs/abc_random_gigantic.txt,gigantic,1000000000,parallel,2,0,2.53481999,ACCEPT,,,
full,abc_star,(a|b|c)*,data/benchmark_inputs/abc_random_gigantic.txt,gigantic,1000000000,parallel,2,1,2.56536865,ACCEPT,,,
full,abc_star,(a|b|c)*,data/benchmark_inputs/abc_random_gigantic.txt,gigantic,1000000000,parallel,2,2,2.60452753,ACCEPT,,,
full,abc_star,(a|b|c)*,data/benchmark_inputs/abc_random_gigantic.txt,gigantic,1000000000,parallel,4,0,1.52476249,ACCEPT,,,
full,abc_star,(a|b|c)*,data/benchmark_inputs/abc_random_gigantic.txt,gigantic,1000000000,parallel,4,1,1.51716911,ACCEPT,,,
full,abc_star,(a|b|c)*,data/benchmark_inputs/abc_random_gigantic.txt,gigantic,1000000000,parallel,4,2,1.55655433,ACCEPT,,,
full,abc_star,(a|b|c)*,data/benchmark_inputs/abc_random_gigantic.txt,gigantic,1000000000,parallel,8,0,1.24088647,ACCEPT,,,
full,abc_star,(a|b|c)*,data/benchmark_inputs/abc_random_gigantic.txt,gigantic,1000000000,parallel,8,1,1.23690550,ACCEPT,,,
full,abc_star,(a|b|c)*,data/benchmark_inputs/abc_random_gigantic.txt,gigantic,1000000000,parallel,8,2,1.20880109,ACCEPT,,,
full,abc_star,(a|b|c)*,data/benchmark_inputs/abc_random_gigantic.txt,gigantic,1000000000,parallel,16,0,0.86240082,ACCEPT,,,
full,abc_star,(a|b|c)*,data/benchmark_inputs/abc_random_gigantic.txt,gigantic,1000000000,parallel,16,1,0.87345911,ACCEPT,,,
full,abc_star,(a|b|c)*,data/benchmark_inputs/abc_random_gigantic.txt,gigantic,1000000000,parallel,16,2,0.86261024,ACCEPT,,,
full,abc_star,(a|b|c)*,data/benchmark_inputs/abc_random_gigantic.txt,gigantic,1000000000,pruned,1,0,1.36851068,ACCEPT,,,
full,abc_star,(a|b|c)*,data/benchmark_inputs/abc_random_gigantic.txt,gigantic,1000000000,pruned,1,1,1.37276457,ACCEPT,,,
full,abc_star,(a|b|c)*,data/benchmark_inputs/abc_random_gigantic.txt,gigantic,1000000000,pruned,1,2,1.37606784,ACCEPT,,,
full,abc_star,(a|b|c)*,data/benchmark_inputs/abc_random_gigantic.txt,gigantic,1000000000,pruned,2,0,1.37008228,ACCEPT,3,1,1
full,abc_star,(a|b|c)*,data/benchmark_inputs/abc_random_gigantic.txt,gigantic,1000000000,pruned,2,1,1.35744808,ACCEPT,3,1,1
full,abc_star,(a|b|c)*,data/benchmark_inputs/abc_random_gigantic.txt,gigantic,1000000000,pruned,2,2,1.35893843,ACCEPT,3,1,1
full,abc_star,(a|b|c)*,data/benchmark_inputs/abc_random_gigantic.txt,gigantic,1000000000,pruned,4,0,0.88619132,ACCEPT,3,1,1
full,abc_star,(a|b|c)*,data/benchmark_inputs/abc_random_gigantic.txt,gigantic,1000000000,pruned,4,1,0.87966874,ACCEPT,3,1,1
full,abc_star,(a|b|c)*,data/benchmark_inputs/abc_random_gigantic.txt,gigantic,1000000000,pruned,4,2,0.88164181,ACCEPT,3,1,1
full,abc_star,(a|b|c)*,data/benchmark_inputs/abc_random_gigantic.txt,gigantic,1000000000,pruned,8,0,0.72220038,ACCEPT,3,1,1
full,abc_star,(a|b|c)*,data/benchmark_inputs/abc_random_gigantic.txt,gigantic,1000000000,pruned,8,1,0.73150273,ACCEPT,3,1,1
full,abc_star,(a|b|c)*,data/benchmark_inputs/abc_random_gigantic.txt,gigantic,1000000000,pruned,8,2,0.74344244,ACCEPT,3,1,1
full,abc_star,(a|b|c)*,data/benchmark_inputs/abc_random_gigantic.txt,gigantic,1000000000,pruned,16,0,0.58838864,ACCEPT,3,1,1
full,abc_star,(a|b|c)*,data/benchmark_inputs/abc_random_gigantic.txt,gigantic,1000000000,pruned,16,1,0.59199826,ACCEPT,3,1,1
full,abc_star,(a|b|c)*,data/benchmark_inputs/abc_random_gigantic.txt,gigantic,1000000000,pruned,16,2,0.58056611,ACCEPT,3,1,1
full,abc_star,(a|b|c)*,data/benchmark_inputs/abc_random_gigantic.txt,gigantic,1000000000,sfa,1,0,1.36422355,ACCEPT,,,
full,abc_star,(a|b|c)*,data/benchmark_inputs/abc_random_gigantic.txt,gigantic,1000000000,sfa,1,1,1.36433201,ACCEPT,,,
full,abc_star,(a|b|c)*,data/benchmark_inputs/abc_random_gigantic.txt,gigantic,1000000000,sfa,1,2,1.35704057,ACCEPT,,,
full,abc_star,(a|b|c)*,data/benchmark_inputs/abc_random_gigantic.txt,gigantic,1000000000,sfa,2,0,0.89737372,ACCEPT,,,
full,abc_star,(a|b|c)*,data/benchmark_inputs/abc_random_gigantic.txt,gigantic,1000000000,sfa,2,1,0.90040359,ACCEPT,,,
full,abc_star,(a|b|c)*,data/benchmark_inputs/abc_random_gigantic.txt,gigantic,1000000000,sfa,2,2,0.89443157,ACCEPT,,,
full,abc_star,(a|b|c)*,data/benchmark_inputs/abc_random_gigantic.txt,gigantic,1000000000,sfa,4,0,0.65928533,ACCEPT,,,
full,abc_star,(a|b|c)*,data/benchmark_inputs/abc_random_gigantic.txt,gigantic,1000000000,sfa,4,1,0.66055120,ACCEPT,,,
full,abc_star,(a|b|c)*,data/benchmark_inputs/abc_random_gigantic.txt,gigantic,1000000000,sfa,4,2,0.65751855,ACCEPT,,,
full,abc_star,(a|b|c)*,data/benchmark_inputs/abc_random_gigantic.txt,gigantic,1000000000,sfa,8,0,0.53866376,ACCEPT,,,
full,abc_star,(a|b|c)*,data/benchmark_inputs/abc_random_gigantic.txt,gigantic,1000000000,sfa,8,1,0.54791917,ACCEPT,,,
full,abc_star,(a|b|c)*,data/benchmark_inputs/abc_random_gigantic.txt,gigantic,1000000000,sfa,8,2,0.54248174,ACCEPT,,,
full,abc_star,(a|b|c)*,data/benchmark_inputs/abc_random_gigantic.txt,gigantic,1000000000,sfa,16,0,0.46430443,ACCEPT,,,
full,abc_star,(a|b|c)*,data/benchmark_inputs/abc_random_gigantic.txt,gigantic,1000000000,sfa,16,1,0.47764222,ACCEPT,,,
full,abc_star,(a|b|c)*,data/benchmark_inputs/abc_random_gigantic.txt,gigantic,1000000000,sfa,16,2,0.48631921,ACCEPT,,,
full,abc_contains_tail,(a|b|c)*abc(a|b|c)*,data/benchmark_inputs/abc_random_medium.txt,medium,1000000,sequential,1,0,0.00427896,ACCEPT,,,
full,abc_contains_tail,(a|b|c)*abc(a|b|c)*,data/benchmark_inputs/abc_random_medium.txt,medium,1000000,sequential,1,1,0.00410543,ACCEPT,,,
full,abc_contains_tail,(a|b|c)*abc(a|b|c)*,data/benchmark_inputs/abc_random_medium.txt,medium,1000000,sequential,1,2,0.00376809,ACCEPT,,,
full,abc_contains_tail,(a|b|c)*abc(a|b|c)*,data/benchmark_inputs/abc_random_medium.txt,medium,1000000,parallel,1,0,0.00383572,ACCEPT,,,
full,abc_contains_tail,(a|b|c)*abc(a|b|c)*,data/benchmark_inputs/abc_random_medium.txt,medium,1000000,parallel,1,1,0.00380903,ACCEPT,,,
full,abc_contains_tail,(a|b|c)*abc(a|b|c)*,data/benchmark_inputs/abc_random_medium.txt,medium,1000000,parallel,1,2,0.00391647,ACCEPT,,,
full,abc_contains_tail,(a|b|c)*abc(a|b|c)*,data/benchmark_inputs/abc_random_medium.txt,medium,1000000,parallel,2,0,0.01330768,ACCEPT,,,
full,abc_contains_tail,(a|b|c)*abc(a|b|c)*,data/benchmark_inputs/abc_random_medium.txt,medium,1000000,parallel,2,1,0.01094175,ACCEPT,,,
full,abc_contains_tail,(a|b|c)*abc(a|b|c)*,data/benchmark_inputs/abc_random_medium.txt,medium,1000000,parallel,2,2,0.00928484,ACCEPT,,,
full,abc_contains_tail,(a|b|c)*abc(a|b|c)*,data/benchmark_inputs/abc_random_medium.txt,medium,1000000,parallel,4,0,0.00877275,ACCEPT,,,
full,abc_contains_tail,(a|b|c)*abc(a|b|c)*,data/benchmark_inputs/abc_random_medium.txt,medium,1000000,parallel,4,1,0.00834156,ACCEPT,,,
full,abc_contains_tail,(a|b|c)*abc(a|b|c)*,data/benchmark_inputs/abc_random_medium.txt,medium,1000000,parallel,4,2,0.00851830,ACCEPT,,,
full,abc_contains_tail,(a|b|c)*abc(a|b|c)*,data/benchmark_inputs/abc_random_medium.txt,medium,1000000,parallel,8,0,0.00568971,ACCEPT,,,
full,abc_contains_tail,(a|b|c)*abc(a|b|c)*,data/benchmark_inputs/abc_random_medium.txt,medium,1000000,parallel,8,1,0.00534474,ACCEPT,,,
full,abc_contains_tail,(a|b|c)*abc(a|b|c)*,data/benchmark_inputs/abc_random_medium.txt,medium,1000000,parallel,8,2,0.00584036,ACCEPT,,,
full,abc_contains_tail,(a|b|c)*abc(a|b|c)*,data/benchmark_inputs/abc_random_medium.txt,medium,1000000,parallel,16,0,0.00454172,ACCEPT,,,
full,abc_contains_tail,(a|b|c)*abc(a|b|c)*,data/benchmark_inputs/abc_random_medium.txt,medium,1000000,parallel,16,1,0.00461610,ACCEPT,,,
full,abc_contains_tail,(a|b|c)*abc(a|b|c)*,data/benchmark_inputs/abc_random_medium.txt,medium,1000000,parallel,16,2,0.00471010,ACCEPT,,,
full,abc_contains_tail,(a|b|c)*abc(a|b|c)*,data/benchmark_inputs/abc_random_medium.txt,medium,1000000,pruned,1,0,0.00364839,ACCEPT,,,
full,abc_contains_tail,(a|b|c)*abc(a|b|c)*,data/benchmark_inputs/abc_random_medium.txt,medium,1000000,pruned,1,1,0.00312919,ACCEPT,,,
full,abc_contains_tail,(a|b|c)*abc(a|b|c)*,data/benchmark_inputs/abc_random_medium.txt,medium,1000000,pruned,1,2,0.00376580,ACCEPT,,,
full,abc_contains_tail,(a|b|c)*abc(a|b|c)*,data/benchmark_inputs/abc_random_medium.txt,medium,1000000,pruned,2,0,0.00549569,ACCEPT,3,2,2
full,abc_contains_tail,(a|b|c)*abc(a|b|c)*,data/benchmark_inputs/abc_random_medium.txt,medium,1000000,pruned,2,1,0.00490525,ACCEPT,3,2,2
full,abc_contains_tail,(a|b|c)*abc(a|b|c)*,data/benchmark_inputs/abc_random_medium.txt,medium,1000000,pruned,2,2,0.00470842,ACCEPT,3,2,2
full,abc_contains_tail,(a|b|c)*abc(a|b|c)*,data/benchmark_inputs/abc_random_medium.txt,medium,1000000,pruned,4,0,0.00427543,ACCEPT,3,2,2
full,abc_contains_tail,(a|b|c)*abc(a|b|c)*,data/benchmark_inputs/abc_random_medium.txt,medium,1000000,pruned,4,1,0.00442188,ACCEPT,3,2,2
full,abc_contains_tail,(a|b|c)*abc(a|b|c)*,data/benchmark_inputs/abc_random_medium.txt,medium,1000000,pruned,4,2,0.00422493,ACCEPT,3,2,2
full,abc_contains_tail,(a|b|c)*abc(a|b|c)*,data/benchmark_inputs/abc_random_medium.txt,medium,1000000,pruned,8,0,0.00377290,ACCEPT,3,2,2
full,abc_contains_tail,(a|b|c)*abc(a|b|c)*,data/benchmark_inputs/abc_random_medium.txt,medium,1000000,pruned,8,1,0.00380197,ACCEPT,3,2,2
full,abc_contains_tail,(a|b|c)*abc(a|b|c)*,data/benchmark_inputs/abc_random_medium.txt,medium,1000000,pruned,8,2,0.00402388,ACCEPT,3,2,2
full,abc_contains_tail,(a|b|c)*abc(a|b|c)*,data/benchmark_inputs/abc_random_medium.txt,medium,1000000,pruned,16,0,0.00363170,ACCEPT,3,2,2
full,abc_contains_tail,(a|b|c)*abc(a|b|c)*,data/benchmark_inputs/abc_random_medium.txt,medium,1000000,pruned,16,1,0.00347857,ACCEPT,3,2,2
full,abc_contains_tail,(a|b|c)*abc(a|b|c)*,data/benchmark_inputs/abc_random_medium.txt,medium,1000000,pruned,16,2,0.00349229,ACCEPT,3,2,2
full,abc_contains_tail,(a|b|c)*abc(a|b|c)*,data/benchmark_inputs/abc_random_medium.txt,medium,1000000,sfa,1,0,0.00414783,ACCEPT,,,
full,abc_contains_tail,(a|b|c)*abc(a|b|c)*,data/benchmark_inputs/abc_random_medium.txt,medium,1000000,sfa,1,1,0.00415912,ACCEPT,,,
full,abc_contains_tail,(a|b|c)*abc(a|b|c)*,data/benchmark_inputs/abc_random_medium.txt,medium,1000000,sfa,1,2,0.00425955,ACCEPT,,,
full,abc_contains_tail,(a|b|c)*abc(a|b|c)*,data/benchmark_inputs/abc_random_medium.txt,medium,1000000,sfa,2,0,0.00353988,ACCEPT,,,
full,abc_contains_tail,(a|b|c)*abc(a|b|c)*,data/benchmark_inputs/abc_random_medium.txt,medium,1000000,sfa,2,1,0.00330414,ACCEPT,,,
full,abc_contains_tail,(a|b|c)*abc(a|b|c)*,data/benchmark_inputs/abc_random_medium.txt,medium,1000000,sfa,2,2,0.00347006,ACCEPT,,,
full,abc_contains_tail,(a|b|c)*abc(a|b|c)*,data/benchmark_inputs/abc_random_medium.txt,medium,1000000,sfa,4,0,0.00331918,ACCEPT,,,
full,abc_contains_tail,(a|b|c)*abc(a|b|c)*,data/benchmark_inputs/abc_random_medium.txt,medium,1000000,sfa,4,1,0.00294684,ACCEPT,,,
full,abc_contains_tail,(a|b|c)*abc(a|b|c)*,data/benchmark_inputs/abc_random_medium.txt,medium,1000000,sfa,4,2,0.00321963,ACCEPT,,,
full,abc_contains_tail,(a|b|c)*abc(a|b|c)*,data/benchmark_inputs/abc_random_medium.txt,medium,1000000,sfa,8,0,0.00307079,ACCEPT,,,
full,abc_contains_tail,(a|b|c)*abc(a|b|c)*,data/benchmark_inputs/abc_random_medium.txt,medium,1000000,sfa,8,1,0.00271989,ACCEPT,,,
full,abc_contains_tail,(a|b|c)*abc(a|b|c)*,data/benchmark_inputs/abc_random_medium.txt,medium,1000000,sfa,8,2,0.00299061,ACCEPT,,,
full,abc_contains_tail,(a|b|c)*abc(a|b|c)*,data/benchmark_inputs/abc_random_medium.txt,medium,1000000,sfa,16,0,0.00307422,ACCEPT,,,
full,abc_contains_tail,(a|b|c)*abc(a|b|c)*,data/benchmark_inputs/abc_random_medium.txt,medium,1000000,sfa,16,1,0.00246799,ACCEPT,,,
full,abc_contains_tail,(a|b|c)*abc(a|b|c)*,data/benchmark_inputs/abc_random_medium.txt,medium,1000000,sfa,16,2,0.00295592,ACCEPT,,,
full,abc_contains_tail,(a|b|c)*abc(a|b|c)*,data/benchmark_inputs/abc_random_large.txt,large,50000000,sequential,1,0,0.07673525,ACCEPT,,,
full,abc_contains_tail,(a|b|c)*abc(a|b|c)*,data/benchmark_inputs/abc_random_large.txt,large,50000000,sequential,1,1,0.07552680,ACCEPT,,,
full,abc_contains_tail,(a|b|c)*abc(a|b|c)*,data/benchmark_inputs/abc_random_large.txt,large,50000000,sequential,1,2,0.07663255,ACCEPT,,,
full,abc_contains_tail,(a|b|c)*abc(a|b|c)*,data/benchmark_inputs/abc_random_large.txt,large,50000000,parallel,1,0,0.07639850,ACCEPT,,,
full,abc_contains_tail,(a|b|c)*abc(a|b|c)*,data/benchmark_inputs/abc_random_large.txt,large,50000000,parallel,1,1,0.07670741,ACCEPT,,,
full,abc_contains_tail,(a|b|c)*abc(a|b|c)*,data/benchmark_inputs/abc_random_large.txt,large,50000000,parallel,1,2,0.07582044,ACCEPT,,,
full,abc_contains_tail,(a|b|c)*abc(a|b|c)*,data/benchmark_inputs/abc_random_large.txt,large,50000000,parallel,2,0,0.32953762,ACCEPT,,,
full,abc_contains_tail,(a|b|c)*abc(a|b|c)*,data/benchmark_inputs/abc_random_large.txt,large,50000000,parallel,2,1,0.31587272,ACCEPT,,,
full,abc_contains_tail,(a|b|c)*abc(a|b|c)*,data/benchmark_inputs/abc_random_large.txt,large,50000000,parallel,2,2,0.31412004,ACCEPT,,,
full,abc_contains_tail,(a|b|c)*abc(a|b|c)*,data/benchmark_inputs/abc_random_large.txt,large,50000000,parallel,4,0,0.18011898,ACCEPT,,,
full,abc_contains_tail,(a|b|c)*abc(a|b|c)*,data/benchmark_inputs/abc_random_large.txt,large,50000000,parallel,4,1,0.18883238,ACCEPT,,,
full,abc_contains_tail,(a|b|c)*abc(a|b|c)*,data/benchmark_inputs/abc_random_large.txt,large,50000000,parallel,4,2,0.18782045,ACCEPT,,,
full,abc_contains_tail,(a|b|c)*abc(a|b|c)*,data/benchmark_inputs/abc_random_large.txt,large,50000000,parallel,8,0,0.13168355,ACCEPT,,,
full,abc_contains_tail,(a|b|c)*abc(a|b|c)*,data/benchmark_inputs/abc_random_large.txt,large,50000000,parallel,8,1,0.13943686,ACCEPT,,,
full,abc_contains_tail,(a|b|c)*abc(a|b|c)*,data/benchmark_inputs/abc_random_large.txt,large,50000000,parallel,8,2,0.13294686,ACCEPT,,,
full,abc_contains_tail,(a|b|c)*abc(a|b|c)*,data/benchmark_inputs/abc_random_large.txt,large,50000000,parallel,16,0,0.09727937,ACCEPT,,,
full,abc_contains_tail,(a|b|c)*abc(a|b|c)*,data/benchmark_inputs/abc_random_large.txt,large,50000000,parallel,16,1,0.09180933,ACCEPT,,,
full,abc_contains_tail,(a|b|c)*abc(a|b|c)*,data/benchmark_inputs/abc_random_large.txt,large,50000000,parallel,16,2,0.09087644,ACCEPT,,,
full,abc_contains_tail,(a|b|c)*abc(a|b|c)*,data/benchmark_inputs/abc_random_large.txt,large,50000000,pruned,1,0,0.07432694,ACCEPT,,,
full,abc_contains_tail,(a|b|c)*abc(a|b|c)*,data/benchmark_inputs/abc_random_large.txt,large,50000000,pruned,1,1,0.08172425,ACCEPT,,,
full,abc_contains_tail,(a|b|c)*abc(a|b|c)*,data/benchmark_inputs/abc_random_large.txt,large,50000000,pruned,1,2,0.07486874,ACCEPT,,,
full,abc_contains_tail,(a|b|c)*abc(a|b|c)*,data/benchmark_inputs/abc_random_large.txt,large,50000000,pruned,2,0,0.09678899,ACCEPT,3,2,2
full,abc_contains_tail,(a|b|c)*abc(a|b|c)*,data/benchmark_inputs/abc_random_large.txt,large,50000000,pruned,2,1,0.09595846,ACCEPT,3,2,2
full,abc_contains_tail,(a|b|c)*abc(a|b|c)*,data/benchmark_inputs/abc_random_large.txt,large,50000000,pruned,2,2,0.09745533,ACCEPT,3,2,2
full,abc_contains_tail,(a|b|c)*abc(a|b|c)*,data/benchmark_inputs/abc_random_large.txt,large,50000000,pruned,4,0,0.07078992,ACCEPT,3,2,2
full,abc_contains_tail,(a|b|c)*abc(a|b|c)*,data/benchmark_inputs/abc_random_large.txt,large,50000000,pruned,4,1,0.06736210,ACCEPT,3,2,2
full,abc_contains_tail,(a|b|c)*abc(a|b|c)*,data/benchmark_inputs/abc_random_large.txt,large,50000000,pruned,4,2,0.06472806,ACCEPT,3,2,2
full,abc_contains_tail,(a|b|c)*abc(a|b|c)*,data/benchmark_inputs/abc_random_large.txt,large,50000000,pruned,8,0,0.05530765,ACCEPT,3,2,2
full,abc_contains_tail,(a|b|c)*abc(a|b|c)*,data/benchmark_inputs/abc_random_large.txt,large,50000000,pruned,8,1,0.05398732,ACCEPT,3,2,2
full,abc_contains_tail,(a|b|c)*abc(a|b|c)*,data/benchmark_inputs/abc_random_large.txt,large,50000000,pruned,8,2,0.05536901,ACCEPT,3,2,2
full,abc_contains_tail,(a|b|c)*abc(a|b|c)*,data/benchmark_inputs/abc_random_large.txt,large,50000000,pruned,16,0,0.04186981,ACCEPT,3,2,2
full,abc_contains_tail,(a|b|c)*abc(a|b|c)*,data/benchmark_inputs/abc_random_large.txt,large,50000000,pruned,16,1,0.04460825,ACCEPT,3,2,2
full,abc_contains_tail,(a|b|c)*abc(a|b|c)*,data/benchmark_inputs/abc_random_large.txt,large,50000000,pruned,16,2,0.04147231,ACCEPT,3,2,2
full,abc_contains_tail,(a|b|c)*abc(a|b|c)*,data/benchmark_inputs/abc_random_large.txt,large,50000000,sfa,1,0,0.07500699,ACCEPT,,,
full,abc_contains_tail,(a|b|c)*abc(a|b|c)*,data/benchmark_inputs/abc_random_large.txt,large,50000000,sfa,1,1,0.07565072,ACCEPT,,,
full,abc_contains_tail,(a|b|c)*abc(a|b|c)*,data/benchmark_inputs/abc_random_large.txt,large,50000000,sfa,1,2,0.07819022,ACCEPT,,,
full,abc_contains_tail,(a|b|c)*abc(a|b|c)*,data/benchmark_inputs/abc_random_large.txt,large,50000000,sfa,2,0,0.05455810,ACCEPT,,,
full,abc_contains_tail,(a|b|c)*abc(a|b|c)*,data/benchmark_inputs/abc_random_large.txt,large,50000000,sfa,2,1,0.05618027,ACCEPT,,,
full,abc_contains_tail,(a|b|c)*abc(a|b|c)*,data/benchmark_inputs/abc_random_large.txt,large,50000000,sfa,2,2,0.05487136,ACCEPT,,,
full,abc_contains_tail,(a|b|c)*abc(a|b|c)*,data/benchmark_inputs/abc_random_large.txt,large,50000000,sfa,4,0,0.04228065,ACCEPT,,,
full,abc_contains_tail,(a|b|c)*abc(a|b|c)*,data/benchmark_inputs/abc_random_large.txt,large,50000000,sfa,4,1,0.04272094,ACCEPT,,,
full,abc_contains_tail,(a|b|c)*abc(a|b|c)*,data/benchmark_inputs/abc_random_large.txt,large,50000000,sfa,4,2,0.04154176,ACCEPT,,,
full,abc_contains_tail,(a|b|c)*abc(a|b|c)*,data/benchmark_inputs/abc_random_large.txt,large,50000000,sfa,8,0,0.03713686,ACCEPT,,,
full,abc_contains_tail,(a|b|c)*abc(a|b|c)*,data/benchmark_inputs/abc_random_large.txt,large,50000000,sfa,8,1,0.03377946,ACCEPT,,,
full,abc_contains_tail,(a|b|c)*abc(a|b|c)*,data/benchmark_inputs/abc_random_large.txt,large,50000000,sfa,8,2,0.03832657,ACCEPT,,,
full,abc_contains_tail,(a|b|c)*abc(a|b|c)*,data/benchmark_inputs/abc_random_large.txt,large,50000000,sfa,16,0,0.02995277,ACCEPT,,,
full,abc_contains_tail,(a|b|c)*abc(a|b|c)*,data/benchmark_inputs/abc_random_large.txt,large,50000000,sfa,16,1,0.02978372,ACCEPT,,,
full,abc_contains_tail,(a|b|c)*abc(a|b|c)*,data/benchmark_inputs/abc_random_large.txt,large,50000000,sfa,16,2,0.02828344,ACCEPT,,,
full,abc_contains_tail,(a|b|c)*abc(a|b|c)*,data/benchmark_inputs/abc_random_huge.txt,huge,500000000,sequential,1,0,0.67621513,ACCEPT,,,
full,abc_contains_tail,(a|b|c)*abc(a|b|c)*,data/benchmark_inputs/abc_random_huge.txt,huge,500000000,sequential,1,1,0.67618912,ACCEPT,,,
full,abc_contains_tail,(a|b|c)*abc(a|b|c)*,data/benchmark_inputs/abc_random_huge.txt,huge,500000000,sequential,1,2,0.68603613,ACCEPT,,,
full,abc_contains_tail,(a|b|c)*abc(a|b|c)*,data/benchmark_inputs/abc_random_huge.txt,huge,500000000,parallel,1,0,0.69907066,ACCEPT,,,
full,abc_contains_tail,(a|b|c)*abc(a|b|c)*,data/benchmark_inputs/abc_random_huge.txt,huge,500000000,parallel,1,1,0.68610720,ACCEPT,,,
full,abc_contains_tail,(a|b|c)*abc(a|b|c)*,data/benchmark_inputs/abc_random_huge.txt,huge,500000000,parallel,1,2,0.67894952,ACCEPT,,,
full,abc_contains_tail,(a|b|c)*abc(a|b|c)*,data/benchmark_inputs/abc_random_huge.txt,huge,500000000,parallel,2,0,3.04353333,ACCEPT,,,
full,abc_contains_tail,(a|b|c)*abc(a|b|c)*,data/benchmark_inputs/abc_random_huge.txt,huge,500000000,parallel,2,1,3.06756211,ACCEPT,,,
full,abc_contains_tail,(a|b|c)*abc(a|b|c)*,data/benchmark_inputs/abc_random_huge.txt,huge,500000000,parallel,2,2,3.07978802,ACCEPT,,,
full,abc_contains_tail,(a|b|c)*abc(a|b|c)*,data/benchmark_inputs/abc_random_huge.txt,huge,500000000,parallel,4,0,1.66896849,ACCEPT,,,
full,abc_contains_tail,(a|b|c)*abc(a|b|c)*,data/benchmark_inputs/abc_random_huge.txt,huge,500000000,parallel,4,1,1.65575520,ACCEPT,,,
full,abc_contains_tail,(a|b|c)*abc(a|b|c)*,data/benchmark_inputs/abc_random_huge.txt,huge,500000000,parallel,4,2,1.70477216,ACCEPT,,,
full,abc_contains_tail,(a|b|c)*abc(a|b|c)*,data/benchmark_inputs/abc_random_huge.txt,huge,500000000,parallel,8,0,1.24665247,ACCEPT,,,
full,abc_contains_tail,(a|b|c)*abc(a|b|c)*,data/benchmark_inputs/abc_random_huge.txt,huge,500000000,parallel,8,1,1.25100142,ACCEPT,,,
full,abc_contains_tail,(a|b|c)*abc(a|b|c)*,data/benchmark_inputs/abc_random_huge.txt,huge,500000000,parallel,8,2,1.25542486,ACCEPT,,,
full,abc_contains_tail,(a|b|c)*abc(a|b|c)*,data/benchmark_inputs/abc_random_huge.txt,huge,500000000,parallel,16,0,0.80784328,ACCEPT,,,
full,abc_contains_tail,(a|b|c)*abc(a|b|c)*,data/benchmark_inputs/abc_random_huge.txt,huge,500000000,parallel,16,1,0.81304490,ACCEPT,,,
full,abc_contains_tail,(a|b|c)*abc(a|b|c)*,data/benchmark_inputs/abc_random_huge.txt,huge,500000000,parallel,16,2,0.80857314,ACCEPT,,,
full,abc_contains_tail,(a|b|c)*abc(a|b|c)*,data/benchmark_inputs/abc_random_huge.txt,huge,500000000,pruned,1,0,0.67843910,ACCEPT,,,
full,abc_contains_tail,(a|b|c)*abc(a|b|c)*,data/benchmark_inputs/abc_random_huge.txt,huge,500000000,pruned,1,1,0.68233911,ACCEPT,,,
full,abc_contains_tail,(a|b|c)*abc(a|b|c)*,data/benchmark_inputs/abc_random_huge.txt,huge,500000000,pruned,1,2,0.68703762,ACCEPT,,,
full,abc_contains_tail,(a|b|c)*abc(a|b|c)*,data/benchmark_inputs/abc_random_huge.txt,huge,500000000,pruned,2,0,0.86202658,ACCEPT,3,2,2
full,abc_contains_tail,(a|b|c)*abc(a|b|c)*,data/benchmark_inputs/abc_random_huge.txt,huge,500000000,pruned,2,1,0.86183706,ACCEPT,3,2,2
full,abc_contains_tail,(a|b|c)*abc(a|b|c)*,data/benchmark_inputs/abc_random_huge.txt,huge,500000000,pruned,2,2,0.87097318,ACCEPT,3,2,2
full,abc_contains_tail,(a|b|c)*abc(a|b|c)*,data/benchmark_inputs/abc_random_huge.txt,huge,500000000,pruned,4,0,0.56690034,ACCEPT,3,2,2
full,abc_contains_tail,(a|b|c)*abc(a|b|c)*,data/benchmark_inputs/abc_random_huge.txt,huge,500000000,pruned,4,1,0.54950834,ACCEPT,3,2,2
full,abc_contains_tail,(a|b|c)*abc(a|b|c)*,data/benchmark_inputs/abc_random_huge.txt,huge,500000000,pruned,4,2,0.54875312,ACCEPT,3,2,2
full,abc_contains_tail,(a|b|c)*abc(a|b|c)*,data/benchmark_inputs/abc_random_huge.txt,huge,500000000,pruned,8,0,0.42235697,ACCEPT,3,2,2
full,abc_contains_tail,(a|b|c)*abc(a|b|c)*,data/benchmark_inputs/abc_random_huge.txt,huge,500000000,pruned,8,1,0.43292312,ACCEPT,3,2,2
full,abc_contains_tail,(a|b|c)*abc(a|b|c)*,data/benchmark_inputs/abc_random_huge.txt,huge,500000000,pruned,8,2,0.43171824,ACCEPT,3,2,2
full,abc_contains_tail,(a|b|c)*abc(a|b|c)*,data/benchmark_inputs/abc_random_huge.txt,huge,500000000,pruned,16,0,0.34621178,ACCEPT,3,2,2
full,abc_contains_tail,(a|b|c)*abc(a|b|c)*,data/benchmark_inputs/abc_random_huge.txt,huge,500000000,pruned,16,1,0.34563270,ACCEPT,3,2,2
full,abc_contains_tail,(a|b|c)*abc(a|b|c)*,data/benchmark_inputs/abc_random_huge.txt,huge,500000000,pruned,16,2,0.34524077,ACCEPT,3,2,2
full,abc_contains_tail,(a|b|c)*abc(a|b|c)*,data/benchmark_inputs/abc_random_huge.txt,huge,500000000,sfa,1,0,0.68950557,ACCEPT,,,
full,abc_contains_tail,(a|b|c)*abc(a|b|c)*,data/benchmark_inputs/abc_random_huge.txt,huge,500000000,sfa,1,1,0.68378857,ACCEPT,,,
full,abc_contains_tail,(a|b|c)*abc(a|b|c)*,data/benchmark_inputs/abc_random_huge.txt,huge,500000000,sfa,1,2,0.68711338,ACCEPT,,,
full,abc_contains_tail,(a|b|c)*abc(a|b|c)*,data/benchmark_inputs/abc_random_huge.txt,huge,500000000,sfa,2,0,0.46869962,ACCEPT,,,
full,abc_contains_tail,(a|b|c)*abc(a|b|c)*,data/benchmark_inputs/abc_random_huge.txt,huge,500000000,sfa,2,1,0.45649964,ACCEPT,,,
full,abc_contains_tail,(a|b|c)*abc(a|b|c)*,data/benchmark_inputs/abc_random_huge.txt,huge,500000000,sfa,2,2,0.46470243,ACCEPT,,,
full,abc_contains_tail,(a|b|c)*abc(a|b|c)*,data/benchmark_inputs/abc_random_huge.txt,huge,500000000,sfa,4,0,0.34523882,ACCEPT,,,
full,abc_contains_tail,(a|b|c)*abc(a|b|c)*,data/benchmark_inputs/abc_random_huge.txt,huge,500000000,sfa,4,1,0.34663956,ACCEPT,,,
full,abc_contains_tail,(a|b|c)*abc(a|b|c)*,data/benchmark_inputs/abc_random_huge.txt,huge,500000000,sfa,4,2,0.34660555,ACCEPT,,,
full,abc_contains_tail,(a|b|c)*abc(a|b|c)*,data/benchmark_inputs/abc_random_huge.txt,huge,500000000,sfa,8,0,0.28089246,ACCEPT,,,
full,abc_contains_tail,(a|b|c)*abc(a|b|c)*,data/benchmark_inputs/abc_random_huge.txt,huge,500000000,sfa,8,1,0.28074199,ACCEPT,,,
full,abc_contains_tail,(a|b|c)*abc(a|b|c)*,data/benchmark_inputs/abc_random_huge.txt,huge,500000000,sfa,8,2,0.27999700,ACCEPT,,,
full,abc_contains_tail,(a|b|c)*abc(a|b|c)*,data/benchmark_inputs/abc_random_huge.txt,huge,500000000,sfa,16,0,0.24783886,ACCEPT,,,
full,abc_contains_tail,(a|b|c)*abc(a|b|c)*,data/benchmark_inputs/abc_random_huge.txt,huge,500000000,sfa,16,1,0.23832084,ACCEPT,,,
full,abc_contains_tail,(a|b|c)*abc(a|b|c)*,data/benchmark_inputs/abc_random_huge.txt,huge,500000000,sfa,16,2,0.24081718,ACCEPT,,,
full,abc_contains_tail,(a|b|c)*abc(a|b|c)*,data/benchmark_inputs/abc_random_gigantic.txt,gigantic,1000000000,sequential,1,0,1.35029903,ACCEPT,,,
full,abc_contains_tail,(a|b|c)*abc(a|b|c)*,data/benchmark_inputs/abc_random_gigantic.txt,gigantic,1000000000,sequential,1,1,1.34812302,ACCEPT,,,
full,abc_contains_tail,(a|b|c)*abc(a|b|c)*,data/benchmark_inputs/abc_random_gigantic.txt,gigantic,1000000000,sequential,1,2,1.35453762,ACCEPT,,,
full,abc_contains_tail,(a|b|c)*abc(a|b|c)*,data/benchmark_inputs/abc_random_gigantic.txt,gigantic,1000000000,parallel,1,0,1.38612999,ACCEPT,,,
full,abc_contains_tail,(a|b|c)*abc(a|b|c)*,data/benchmark_inputs/abc_random_gigantic.txt,gigantic,1000000000,parallel,1,1,1.34911954,ACCEPT,,,
full,abc_contains_tail,(a|b|c)*abc(a|b|c)*,data/benchmark_inputs/abc_random_gigantic.txt,gigantic,1000000000,parallel,1,2,1.36413412,ACCEPT,,,
full,abc_contains_tail,(a|b|c)*abc(a|b|c)*,data/benchmark_inputs/abc_random_gigantic.txt,gigantic,1000000000,parallel,2,0,6.11489316,ACCEPT,,,
full,abc_contains_tail,(a|b|c)*abc(a|b|c)*,data/benchmark_inputs/abc_random_gigantic.txt,gigantic,1000000000,parallel,2,1,6.14910292,ACCEPT,,,
full,abc_contains_tail,(a|b|c)*abc(a|b|c)*,data/benchmark_inputs/abc_random_gigantic.txt,gigantic,1000000000,parallel,2,2,6.11884389,ACCEPT,,,
full,abc_contains_tail,(a|b|c)*abc(a|b|c)*,data/benchmark_inputs/abc_random_gigantic.txt,gigantic,1000000000,parallel,4,0,3.27925543,ACCEPT,,,
full,abc_contains_tail,(a|b|c)*abc(a|b|c)*,data/benchmark_inputs/abc_random_gigantic.txt,gigantic,1000000000,parallel,4,1,3.28643734,ACCEPT,,,
full,abc_contains_tail,(a|b|c)*abc(a|b|c)*,data/benchmark_inputs/abc_random_gigantic.txt,gigantic,1000000000,parallel,4,2,3.27368968,ACCEPT,,,
full,abc_contains_tail,(a|b|c)*abc(a|b|c)*,data/benchmark_inputs/abc_random_gigantic.txt,gigantic,1000000000,parallel,8,0,2.51190285,ACCEPT,,,
full,abc_contains_tail,(a|b|c)*abc(a|b|c)*,data/benchmark_inputs/abc_random_gigantic.txt,gigantic,1000000000,parallel,8,1,2.49130730,ACCEPT,,,
full,abc_contains_tail,(a|b|c)*abc(a|b|c)*,data/benchmark_inputs/abc_random_gigantic.txt,gigantic,1000000000,parallel,8,2,2.48115656,ACCEPT,,,
full,abc_contains_tail,(a|b|c)*abc(a|b|c)*,data/benchmark_inputs/abc_random_gigantic.txt,gigantic,1000000000,parallel,16,0,1.71111006,ACCEPT,,,
full,abc_contains_tail,(a|b|c)*abc(a|b|c)*,data/benchmark_inputs/abc_random_gigantic.txt,gigantic,1000000000,parallel,16,1,1.69677059,ACCEPT,,,
full,abc_contains_tail,(a|b|c)*abc(a|b|c)*,data/benchmark_inputs/abc_random_gigantic.txt,gigantic,1000000000,parallel,16,2,1.68399912,ACCEPT,,,
full,abc_contains_tail,(a|b|c)*abc(a|b|c)*,data/benchmark_inputs/abc_random_gigantic.txt,gigantic,1000000000,pruned,1,0,1.36144738,ACCEPT,,,
full,abc_contains_tail,(a|b|c)*abc(a|b|c)*,data/benchmark_inputs/abc_random_gigantic.txt,gigantic,1000000000,pruned,1,1,1.35852414,ACCEPT,,,
full,abc_contains_tail,(a|b|c)*abc(a|b|c)*,data/benchmark_inputs/abc_random_gigantic.txt,gigantic,1000000000,pruned,1,2,1.35550577,ACCEPT,,,
full,abc_contains_tail,(a|b|c)*abc(a|b|c)*,data/benchmark_inputs/abc_random_gigantic.txt,gigantic,1000000000,pruned,2,0,1.71761352,ACCEPT,3,2,2
full,abc_contains_tail,(a|b|c)*abc(a|b|c)*,data/benchmark_inputs/abc_random_gigantic.txt,gigantic,1000000000,pruned,2,1,1.70982560,ACCEPT,3,2,2
full,abc_contains_tail,(a|b|c)*abc(a|b|c)*,data/benchmark_inputs/abc_random_gigantic.txt,gigantic,1000000000,pruned,2,2,1.74543740,ACCEPT,3,2,2
full,abc_contains_tail,(a|b|c)*abc(a|b|c)*,data/benchmark_inputs/abc_random_gigantic.txt,gigantic,1000000000,pruned,4,0,1.05759680,ACCEPT,3,2,2
full,abc_contains_tail,(a|b|c)*abc(a|b|c)*,data/benchmark_inputs/abc_random_gigantic.txt,gigantic,1000000000,pruned,4,1,1.07095540,ACCEPT,3,2,2
full,abc_contains_tail,(a|b|c)*abc(a|b|c)*,data/benchmark_inputs/abc_random_gigantic.txt,gigantic,1000000000,pruned,4,2,1.05848089,ACCEPT,3,2,2
full,abc_contains_tail,(a|b|c)*abc(a|b|c)*,data/benchmark_inputs/abc_random_gigantic.txt,gigantic,1000000000,pruned,8,0,0.79063508,ACCEPT,3,2,2
full,abc_contains_tail,(a|b|c)*abc(a|b|c)*,data/benchmark_inputs/abc_random_gigantic.txt,gigantic,1000000000,pruned,8,1,0.82148899,ACCEPT,3,2,2
full,abc_contains_tail,(a|b|c)*abc(a|b|c)*,data/benchmark_inputs/abc_random_gigantic.txt,gigantic,1000000000,pruned,8,2,0.84531198,ACCEPT,3,2,2
full,abc_contains_tail,(a|b|c)*abc(a|b|c)*,data/benchmark_inputs/abc_random_gigantic.txt,gigantic,1000000000,pruned,16,0,0.66344137,ACCEPT,3,2,2
full,abc_contains_tail,(a|b|c)*abc(a|b|c)*,data/benchmark_inputs/abc_random_gigantic.txt,gigantic,1000000000,pruned,16,1,0.66752781,ACCEPT,3,2,2
full,abc_contains_tail,(a|b|c)*abc(a|b|c)*,data/benchmark_inputs/abc_random_gigantic.txt,gigantic,1000000000,pruned,16,2,0.67985161,ACCEPT,3,2,2
full,abc_contains_tail,(a|b|c)*abc(a|b|c)*,data/benchmark_inputs/abc_random_gigantic.txt,gigantic,1000000000,sfa,1,0,1.35140147,ACCEPT,,,
full,abc_contains_tail,(a|b|c)*abc(a|b|c)*,data/benchmark_inputs/abc_random_gigantic.txt,gigantic,1000000000,sfa,1,1,1.35505862,ACCEPT,,,
full,abc_contains_tail,(a|b|c)*abc(a|b|c)*,data/benchmark_inputs/abc_random_gigantic.txt,gigantic,1000000000,sfa,1,2,1.35522746,ACCEPT,,,
full,abc_contains_tail,(a|b|c)*abc(a|b|c)*,data/benchmark_inputs/abc_random_gigantic.txt,gigantic,1000000000,sfa,2,0,0.87848112,ACCEPT,,,
full,abc_contains_tail,(a|b|c)*abc(a|b|c)*,data/benchmark_inputs/abc_random_gigantic.txt,gigantic,1000000000,sfa,2,1,0.88954147,ACCEPT,,,
full,abc_contains_tail,(a|b|c)*abc(a|b|c)*,data/benchmark_inputs/abc_random_gigantic.txt,gigantic,1000000000,sfa,2,2,0.88716094,ACCEPT,,,
full,abc_contains_tail,(a|b|c)*abc(a|b|c)*,data/benchmark_inputs/abc_random_gigantic.txt,gigantic,1000000000,sfa,4,0,0.64809277,ACCEPT,,,
full,abc_contains_tail,(a|b|c)*abc(a|b|c)*,data/benchmark_inputs/abc_random_gigantic.txt,gigantic,1000000000,sfa,4,1,0.64913648,ACCEPT,,,
full,abc_contains_tail,(a|b|c)*abc(a|b|c)*,data/benchmark_inputs/abc_random_gigantic.txt,gigantic,1000000000,sfa,4,2,0.64431932,ACCEPT,,,
full,abc_contains_tail,(a|b|c)*abc(a|b|c)*,data/benchmark_inputs/abc_random_gigantic.txt,gigantic,1000000000,sfa,8,0,0.53423773,ACCEPT,,,
full,abc_contains_tail,(a|b|c)*abc(a|b|c)*,data/benchmark_inputs/abc_random_gigantic.txt,gigantic,1000000000,sfa,8,1,0.53403321,ACCEPT,,,
full,abc_contains_tail,(a|b|c)*abc(a|b|c)*,data/benchmark_inputs/abc_random_gigantic.txt,gigantic,1000000000,sfa,8,2,0.53624483,ACCEPT,,,
full,abc_contains_tail,(a|b|c)*abc(a|b|c)*,data/benchmark_inputs/abc_random_gigantic.txt,gigantic,1000000000,sfa,16,0,0.47361704,ACCEPT,,,
full,abc_contains_tail,(a|b|c)*abc(a|b|c)*,data/benchmark_inputs/abc_random_gigantic.txt,gigantic,1000000000,sfa,16,1,0.47895336,ACCEPT,,,
full,abc_contains_tail,(a|b|c)*abc(a|b|c)*,data/benchmark_inputs/abc_random_gigantic.txt,gigantic,1000000000,sfa,16,2,0.48309896,ACCEPT,,,
full,abc_contains_block,(a|b|c)*(ab*cac*b)(a|b|c)*,data/benchmark_inputs/abc_random_medium.txt,medium,1000000,sequential,1,0,0.00414930,ACCEPT,,,
full,abc_contains_block,(a|b|c)*(ab*cac*b)(a|b|c)*,data/benchmark_inputs/abc_random_medium.txt,medium,1000000,sequential,1,1,0.00443461,ACCEPT,,,
full,abc_contains_block,(a|b|c)*(ab*cac*b)(a|b|c)*,data/benchmark_inputs/abc_random_medium.txt,medium,1000000,sequential,1,2,0.00363714,ACCEPT,,,
full,abc_contains_block,(a|b|c)*(ab*cac*b)(a|b|c)*,data/benchmark_inputs/abc_random_medium.txt,medium,1000000,parallel,1,0,0.00303456,ACCEPT,,,
full,abc_contains_block,(a|b|c)*(ab*cac*b)(a|b|c)*,data/benchmark_inputs/abc_random_medium.txt,medium,1000000,parallel,1,1,0.00369727,ACCEPT,,,
full,abc_contains_block,(a|b|c)*(ab*cac*b)(a|b|c)*,data/benchmark_inputs/abc_random_medium.txt,medium,1000000,parallel,1,2,0.00356456,ACCEPT,,,
full,abc_contains_block,(a|b|c)*(ab*cac*b)(a|b|c)*,data/benchmark_inputs/abc_random_medium.txt,medium,1000000,parallel,2,0,0.02216921,ACCEPT,,,
full,abc_contains_block,(a|b|c)*(ab*cac*b)(a|b|c)*,data/benchmark_inputs/abc_random_medium.txt,medium,1000000,parallel,2,1,0.01769299,ACCEPT,,,
full,abc_contains_block,(a|b|c)*(ab*cac*b)(a|b|c)*,data/benchmark_inputs/abc_random_medium.txt,medium,1000000,parallel,2,2,0.02043187,ACCEPT,,,
full,abc_contains_block,(a|b|c)*(ab*cac*b)(a|b|c)*,data/benchmark_inputs/abc_random_medium.txt,medium,1000000,parallel,4,0,0.01165379,ACCEPT,,,
full,abc_contains_block,(a|b|c)*(ab*cac*b)(a|b|c)*,data/benchmark_inputs/abc_random_medium.txt,medium,1000000,parallel,4,1,0.01279723,ACCEPT,,,
full,abc_contains_block,(a|b|c)*(ab*cac*b)(a|b|c)*,data/benchmark_inputs/abc_random_medium.txt,medium,1000000,parallel,4,2,0.01236154,ACCEPT,,,
full,abc_contains_block,(a|b|c)*(ab*cac*b)(a|b|c)*,data/benchmark_inputs/abc_random_medium.txt,medium,1000000,parallel,8,0,0.00807896,ACCEPT,,,
full,abc_contains_block,(a|b|c)*(ab*cac*b)(a|b|c)*,data/benchmark_inputs/abc_random_medium.txt,medium,1000000,parallel,8,1,0.00775677,ACCEPT,,,
full,abc_contains_block,(a|b|c)*(ab*cac*b)(a|b|c)*,data/benchmark_inputs/abc_random_medium.txt,medium,1000000,parallel,8,2,0.00743115,ACCEPT,,,
full,abc_contains_block,(a|b|c)*(ab*cac*b)(a|b|c)*,data/benchmark_inputs/abc_random_medium.txt,medium,1000000,parallel,16,0,0.00583589,ACCEPT,,,
full,abc_contains_block,(a|b|c)*(ab*cac*b)(a|b|c)*,data/benchmark_inputs/abc_random_medium.txt,medium,1000000,parallel,16,1,0.00544026,ACCEPT,,,
full,abc_contains_block,(a|b|c)*(ab*cac*b)(a|b|c)*,data/benchmark_inputs/abc_random_medium.txt,medium,1000000,parallel,16,2,0.00527296,ACCEPT,,,
full,abc_contains_block,(a|b|c)*(ab*cac*b)(a|b|c)*,data/benchmark_inputs/abc_random_medium.txt,medium,1000000,pruned,1,0,0.00377898,ACCEPT,,,
full,abc_contains_block,(a|b|c)*(ab*cac*b)(a|b|c)*,data/benchmark_inputs/abc_random_medium.txt,medium,1000000,pruned,1,1,0.00311850,ACCEPT,,,
full,abc_contains_block,(a|b|c)*(ab*cac*b)(a|b|c)*,data/benchmark_inputs/abc_random_medium.txt,medium,1000000,pruned,1,2,0.00356774,ACCEPT,,,
full,abc_contains_block,(a|b|c)*(ab*cac*b)(a|b|c)*,data/benchmark_inputs/abc_random_medium.txt,medium,1000000,pruned,2,0,0.00431768,ACCEPT,3,2,2
full,abc_contains_block,(a|b|c)*(ab*cac*b)(a|b|c)*,data/benchmark_inputs/abc_random_medium.txt,medium,1000000,pruned,2,1,0.00485684,ACCEPT,3,2,2
full,abc_contains_block,(a|b|c)*(ab*cac*b)(a|b|c)*,data/benchmark_inputs/abc_random_medium.txt,medium,1000000,pruned,2,2,0.00518040,ACCEPT,3,2,2
full,abc_contains_block,(a|b|c)*(ab*cac*b)(a|b|c)*,data/benchmark_inputs/abc_random_medium.txt,medium,1000000,pruned,4,0,0.00484045,ACCEPT,3,2.66667,4
full,abc_contains_block,(a|b|c)*(ab*cac*b)(a|b|c)*,data/benchmark_inputs/abc_random_medium.txt,medium,1000000,pruned,4,1,0.00509160,ACCEPT,3,2.66667,4
full,abc_contains_block,(a|b|c)*(ab*cac*b)(a|b|c)*,data/benchmark_inputs/abc_random_medium.txt,medium,1000000,pruned,4,2,0.00517567,ACCEPT,3,2.66667,4
full,abc_contains_block,(a|b|c)*(ab*cac*b)(a|b|c)*,data/benchmark_inputs/abc_random_medium.txt,medium,1000000,pruned,8,0,0.00391976,ACCEPT,3,2.85714,4
full,abc_contains_block,(a|b|c)*(ab*cac*b)(a|b|c)*,data/benchmark_inputs/abc_random_medium.txt,medium,1000000,pruned,8,1,0.00408857,ACCEPT,3,2.85714,4
full,abc_contains_block,(a|b|c)*(ab*cac*b)(a|b|c)*,data/benchmark_inputs/abc_random_medium.txt,medium,1000000,pruned,8,2,0.00389898,ACCEPT,3,2.85714,4
full,abc_contains_block,(a|b|c)*(ab*cac*b)(a|b|c)*,data/benchmark_inputs/abc_random_medium.txt,medium,1000000,pruned,16,0,0.00405066,ACCEPT,3,2.66667,4
full,abc_contains_block,(a|b|c)*(ab*cac*b)(a|b|c)*,data/benchmark_inputs/abc_random_medium.txt,medium,1000000,pruned,16,1,0.00304215,ACCEPT,3,2.66667,4
full,abc_contains_block,(a|b|c)*(ab*cac*b)(a|b|c)*,data/benchmark_inputs/abc_random_medium.txt,medium,1000000,pruned,16,2,0.00357572,ACCEPT,3,2.66667,4
full,abc_contains_block,(a|b|c)*(ab*cac*b)(a|b|c)*,data/benchmark_inputs/abc_random_medium.txt,medium,1000000,sfa,1,0,0.00381558,ACCEPT,,,
full,abc_contains_block,(a|b|c)*(ab*cac*b)(a|b|c)*,data/benchmark_inputs/abc_random_medium.txt,medium,1000000,sfa,1,1,0.00367056,ACCEPT,,,
full,abc_contains_block,(a|b|c)*(ab*cac*b)(a|b|c)*,data/benchmark_inputs/abc_random_medium.txt,medium,1000000,sfa,1,2,0.00397612,ACCEPT,,,
full,abc_contains_block,(a|b|c)*(ab*cac*b)(a|b|c)*,data/benchmark_inputs/abc_random_medium.txt,medium,1000000,sfa,2,0,0.00354060,ACCEPT,,,
full,abc_contains_block,(a|b|c)*(ab*cac*b)(a|b|c)*,data/benchmark_inputs/abc_random_medium.txt,medium,1000000,sfa,2,1,0.00338935,ACCEPT,,,
full,abc_contains_block,(a|b|c)*(ab*cac*b)(a|b|c)*,data/benchmark_inputs/abc_random_medium.txt,medium,1000000,sfa,2,2,0.00327371,ACCEPT,,,
full,abc_contains_block,(a|b|c)*(ab*cac*b)(a|b|c)*,data/benchmark_inputs/abc_random_medium.txt,medium,1000000,sfa,4,0,0.00256452,ACCEPT,,,
full,abc_contains_block,(a|b|c)*(ab*cac*b)(a|b|c)*,data/benchmark_inputs/abc_random_medium.txt,medium,1000000,sfa,4,1,0.00298696,ACCEPT,,,
full,abc_contains_block,(a|b|c)*(ab*cac*b)(a|b|c)*,data/benchmark_inputs/abc_random_medium.txt,medium,1000000,sfa,4,2,0.00303597,ACCEPT,,,
full,abc_contains_block,(a|b|c)*(ab*cac*b)(a|b|c)*,data/benchmark_inputs/abc_random_medium.txt,medium,1000000,sfa,8,0,0.00319482,ACCEPT,,,
full,abc_contains_block,(a|b|c)*(ab*cac*b)(a|b|c)*,data/benchmark_inputs/abc_random_medium.txt,medium,1000000,sfa,8,1,0.00304578,ACCEPT,,,
full,abc_contains_block,(a|b|c)*(ab*cac*b)(a|b|c)*,data/benchmark_inputs/abc_random_medium.txt,medium,1000000,sfa,8,2,0.00334563,ACCEPT,,,
full,abc_contains_block,(a|b|c)*(ab*cac*b)(a|b|c)*,data/benchmark_inputs/abc_random_medium.txt,medium,1000000,sfa,16,0,0.00264144,ACCEPT,,,
full,abc_contains_block,(a|b|c)*(ab*cac*b)(a|b|c)*,data/benchmark_inputs/abc_random_medium.txt,medium,1000000,sfa,16,1,0.00262699,ACCEPT,,,
full,abc_contains_block,(a|b|c)*(ab*cac*b)(a|b|c)*,data/benchmark_inputs/abc_random_medium.txt,medium,1000000,sfa,16,2,0.00292484,ACCEPT,,,
full,abc_contains_block,(a|b|c)*(ab*cac*b)(a|b|c)*,data/benchmark_inputs/abc_random_large.txt,large,50000000,sequential,1,0,0.07378097,ACCEPT,,,
full,abc_contains_block,(a|b|c)*(ab*cac*b)(a|b|c)*,data/benchmark_inputs/abc_random_large.txt,large,50000000,sequential,1,1,0.07478546,ACCEPT,,,
full,abc_contains_block,(a|b|c)*(ab*cac*b)(a|b|c)*,data/benchmark_inputs/abc_random_large.txt,large,50000000,sequential,1,2,0.07331340,ACCEPT,,,
full,abc_contains_block,(a|b|c)*(ab*cac*b)(a|b|c)*,data/benchmark_inputs/abc_random_large.txt,large,50000000,parallel,1,0,0.07266559,ACCEPT,,,
full,abc_contains_block,(a|b|c)*(ab*cac*b)(a|b|c)*,data/benchmark_inputs/abc_random_large.txt,large,50000000,parallel,1,1,0.07514438,ACCEPT,,,
full,abc_contains_block,(a|b|c)*(ab*cac*b)(a|b|c)*,data/benchmark_inputs/abc_random_large.txt,large,50000000,parallel,1,2,0.07507870,ACCEPT,,,
full,abc_contains_block,(a|b|c)*(ab*cac*b)(a|b|c)*,data/benchmark_inputs/abc_random_large.txt,large,50000000,parallel,2,0,0.72688801,ACCEPT,,,
full,abc_contains_block,(a|b|c)*(ab*cac*b)(a|b|c)*,data/benchmark_inputs/abc_random_large.txt,large,50000000,parallel,2,1,0.72110955,ACCEPT,,,
full,abc_contains_block,(a|b|c)*(ab*cac*b)(a|b|c)*,data/benchmark_inputs/abc_random_large.txt,large,50000000,parallel,2,2,0.72032520,ACCEPT,,,
full,abc_contains_block,(a|b|c)*(ab*cac*b)(a|b|c)*,data/benchmark_inputs/abc_random_large.txt,large,50000000,parallel,4,0,0.37183568,ACCEPT,,,
full,abc_contains_block,(a|b|c)*(ab*cac*b)(a|b|c)*,data/benchmark_inputs/abc_random_large.txt,large,50000000,parallel,4,1,0.37982508,ACCEPT,,,
full,abc_contains_block,(a|b|c)*(ab*cac*b)(a|b|c)*,data/benchmark_inputs/abc_random_large.txt,large,50000000,parallel,4,2,0.37747653,ACCEPT,,,
full,abc_contains_block,(a|b|c)*(ab*cac*b)(a|b|c)*,data/benchmark_inputs/abc_random_large.txt,large,50000000,parallel,8,0,0.24713614,ACCEPT,,,
full,abc_contains_block,(a|b|c)*(ab*cac*b)(a|b|c)*,data/benchmark_inputs/abc_random_large.txt,large,50000000,parallel,8,1,0.24717301,ACCEPT,,,
full,abc_contains_block,(a|b|c)*(ab*cac*b)(a|b|c)*,data/benchmark_inputs/abc_random_large.txt,large,50000000,parallel,8,2,0.24811381,ACCEPT,,,
full,abc_contains_block,(a|b|c)*(ab*cac*b)(a|b|c)*,data/benchmark_inputs/abc_random_large.txt,large,50000000,parallel,16,0,0.15448751,ACCEPT,,,
full,abc_contains_block,(a|b|c)*(ab*cac*b)(a|b|c)*,data/benchmark_inputs/abc_random_large.txt,large,50000000,parallel,16,1,0.14764198,ACCEPT,,,
full,abc_contains_block,(a|b|c)*(ab*cac*b)(a|b|c)*,data/benchmark_inputs/abc_random_large.txt,large,50000000,parallel,16,2,0.15045905,ACCEPT,,,
full,abc_contains_block,(a|b|c)*(ab*cac*b)(a|b|c)*,data/benchmark_inputs/abc_random_large.txt,large,50000000,pruned,1,0,0.07344477,ACCEPT,,,
full,abc_contains_block,(a|b|c)*(ab*cac*b)(a|b|c)*,data/benchmark_inputs/abc_random_large.txt,large,50000000,pruned,1,1,0.07754859,ACCEPT,,,
full,abc_contains_block,(a|b|c)*(ab*cac*b)(a|b|c)*,data/benchmark_inputs/abc_random_large.txt,large,50000000,pruned,1,2,0.07494701,ACCEPT,,,
full,abc_contains_block,(a|b|c)*(ab*cac*b)(a|b|c)*,data/benchmark_inputs/abc_random_large.txt,large,50000000,pruned,2,0,0.10427977,ACCEPT,3,2,2
full,abc_contains_block,(a|b|c)*(ab*cac*b)(a|b|c)*,data/benchmark_inputs/abc_random_large.txt,large,50000000,pruned,2,1,0.09360591,ACCEPT,3,2,2
full,abc_contains_block,(a|b|c)*(ab*cac*b)(a|b|c)*,data/benchmark_inputs/abc_random_large.txt,large,50000000,pruned,2,2,0.09612306,ACCEPT,3,2,2
full,abc_contains_block,(a|b|c)*(ab*cac*b)(a|b|c)*,data/benchmark_inputs/abc_random_large.txt,large,50000000,pruned,4,0,0.06782866,ACCEPT,3,2,2
full,abc_contains_block,(a|b|c)*(ab*cac*b)(a|b|c)*,data/benchmark_inputs/abc_random_large.txt,large,50000000,pruned,4,1,0.06491262,ACCEPT,3,2,2
full,abc_contains_block,(a|b|c)*(ab*cac*b)(a|b|c)*,data/benchmark_inputs/abc_random_large.txt,large,50000000,pruned,4,2,0.07346511,ACCEPT,3,2,2
full,abc_contains_block,(a|b|c)*(ab*cac*b)(a|b|c)*,data/benchmark_inputs/abc_random_large.txt,large,50000000,pruned,8,0,0.06707716,ACCEPT,3,2.28571,4
full,abc_contains_block,(a|b|c)*(ab*cac*b)(a|b|c)*,data/benchmark_inputs/abc_random_large.txt,large,50000000,pruned,8,1,0.07026694,ACCEPT,3,2.28571,4
full,abc_contains_block,(a|b|c)*(ab*cac*b)(a|b|c)*,data/benchmark_inputs/abc_random_large.txt,large,50000000,pruned,8,2,0.06841169,ACCEPT,3,2.28571,4
full,abc_contains_block,(a|b|c)*(ab*cac*b)(a|b|c)*,data/benchmark_inputs/abc_random_large.txt,large,50000000,pruned,16,0,0.05234014,ACCEPT,3,2.26667,4
full,abc_contains_block,(a|b|c)*(ab*cac*b)(a|b|c)*,data/benchmark_inputs/abc_random_large.txt,large,50000000,pruned,16,1,0.04797163,ACCEPT,3,2.26667,4
full,abc_contains_block,(a|b|c)*(ab*cac*b)(a|b|c)*,data/benchmark_inputs/abc_random_large.txt,large,50000000,pruned,16,2,0.04402066,ACCEPT,3,2.26667,4
full,abc_contains_block,(a|b|c)*(ab*cac*b)(a|b|c)*,data/benchmark_inputs/abc_random_large.txt,large,50000000,sfa,1,0,0.07523671,ACCEPT,,,
full,abc_contains_block,(a|b|c)*(ab*cac*b)(a|b|c)*,data/benchmark_inputs/abc_random_large.txt,large,50000000,sfa,1,1,0.07557366,ACCEPT,,,
full,abc_contains_block,(a|b|c)*(ab*cac*b)(a|b|c)*,data/benchmark_inputs/abc_random_large.txt,large,50000000,sfa,1,2,0.07525574,ACCEPT,,,
full,abc_contains_block,(a|b|c)*(ab*cac*b)(a|b|c)*,data/benchmark_inputs/abc_random_large.txt,large,50000000,sfa,2,0,0.05106712,ACCEPT,,,
full,abc_contains_block,(a|b|c)*(ab*cac*b)(a|b|c)*,data/benchmark_inputs/abc_random_large.txt,large,50000000,sfa,2,1,0.05043417,ACCEPT,,,
full,abc_contains_block,(a|b|c)*(ab*cac*b)(a|b|c)*,data/benchmark_inputs/abc_random_large.txt,large,50000000,sfa,2,2,0.04987413,ACCEPT,,,
full,abc_contains_block,(a|b|c)*(ab*cac*b)(a|b|c)*,data/benchmark_inputs/abc_random_large.txt,large,50000000,sfa,4,0,0.03834593,ACCEPT,,,
full,abc_contains_block,(a|b|c)*(ab*cac*b)(a|b|c)*,data/benchmark_inputs/abc_random_large.txt,large,50000000,sfa,4,1,0.04096590,ACCEPT,,,
full,abc_contains_block,(a|b|c)*(ab*cac*b)(a|b|c)*,data/benchmark_inputs/abc_random_large.txt,large,50000000,sfa,4,2,0.03859843,ACCEPT,,,
full,abc_contains_block,(a|b|c)*(ab*cac*b)(a|b|c)*,data/benchmark_inputs/abc_random_large.txt,large,50000000,sfa,8,0,0.03660844,ACCEPT,,,
full,abc_contains_block,(a|b|c)*(ab*cac*b)(a|b|c)*,data/benchmark_inputs/abc_random_large.txt,large,50000000,sfa,8,1,0.03256350,ACCEPT,,,
full,abc_contains_block,(a|b|c)*(ab*cac*b)(a|b|c)*,data/benchmark_inputs/abc_random_large.txt,large,50000000,sfa,8,2,0.03625789,ACCEPT,,,
full,abc_contains_block,(a|b|c)*(ab*cac*b)(a|b|c)*,data/benchmark_inputs/abc_random_large.txt,large,50000000,sfa,16,0,0.03339236,ACCEPT,,,
full,abc_contains_block,(a|b|c)*(ab*cac*b)(a|b|c)*,data/benchmark_inputs/abc_random_large.txt,large,50000000,sfa,16,1,0.03115170,ACCEPT,,,
full,abc_contains_block,(a|b|c)*(ab*cac*b)(a|b|c)*,data/benchmark_inputs/abc_random_large.txt,large,50000000,sfa,16,2,0.02890995,ACCEPT,,,
full,abc_contains_block,(a|b|c)*(ab*cac*b)(a|b|c)*,data/benchmark_inputs/abc_random_huge.txt,huge,500000000,sequential,1,0,0.68092590,ACCEPT,,,
full,abc_contains_block,(a|b|c)*(ab*cac*b)(a|b|c)*,data/benchmark_inputs/abc_random_huge.txt,huge,500000000,sequential,1,1,0.68502215,ACCEPT,,,
full,abc_contains_block,(a|b|c)*(ab*cac*b)(a|b|c)*,data/benchmark_inputs/abc_random_huge.txt,huge,500000000,sequential,1,2,0.68352576,ACCEPT,,,
full,abc_contains_block,(a|b|c)*(ab*cac*b)(a|b|c)*,data/benchmark_inputs/abc_random_huge.txt,huge,500000000,parallel,1,0,0.67891245,ACCEPT,,,
full,abc_contains_block,(a|b|c)*(ab*cac*b)(a|b|c)*,data/benchmark_inputs/abc_random_huge.txt,huge,500000000,parallel,1,1,0.68539080,ACCEPT,,,
full,abc_contains_block,(a|b|c)*(ab*cac*b)(a|b|c)*,data/benchmark_inputs/abc_random_huge.txt,huge,500000000,parallel,1,2,0.68280282,ACCEPT,,,
full,abc_contains_block,(a|b|c)*(ab*cac*b)(a|b|c)*,data/benchmark_inputs/abc_random_huge.txt,huge,500000000,parallel,2,0,7.16303620,ACCEPT,,,
full,abc_contains_block,(a|b|c)*(ab*cac*b)(a|b|c)*,data/benchmark_inputs/abc_random_huge.txt,huge,500000000,parallel,2,1,7.10984983,ACCEPT,,,
full,abc_contains_block,(a|b|c)*(ab*cac*b)(a|b|c)*,data/benchmark_inputs/abc_random_huge.txt,huge,500000000,parallel,2,2,7.11161453,ACCEPT,,,
full,abc_contains_block,(a|b|c)*(ab*cac*b)(a|b|c)*,data/benchmark_inputs/abc_random_huge.txt,huge,500000000,parallel,4,0,3.67580538,ACCEPT,,,
full,abc_contains_block,(a|b|c)*(ab*cac*b)(a|b|c)*,data/benchmark_inputs/abc_random_huge.txt,huge,500000000,parallel,4,1,3.67157802,ACCEPT,,,
full,abc_contains_block,(a|b|c)*(ab*cac*b)(a|b|c)*,data/benchmark_inputs/abc_random_huge.txt,huge,500000000,parallel,4,2,3.67628099,ACCEPT,,,
full,abc_contains_block,(a|b|c)*(ab*cac*b)(a|b|c)*,data/benchmark_inputs/abc_random_huge.txt,huge,500000000,parallel,8,0,1.96860746,ACCEPT,,,
full,abc_contains_block,(a|b|c)*(ab*cac*b)(a|b|c)*,data/benchmark_inputs/abc_random_huge.txt,huge,500000000,parallel,8,1,2.02371587,ACCEPT,,,
full,abc_contains_block,(a|b|c)*(ab*cac*b)(a|b|c)*,data/benchmark_inputs/abc_random_huge.txt,huge,500000000,parallel,8,2,1.97025517,ACCEPT,,,
full,abc_contains_block,(a|b|c)*(ab*cac*b)(a|b|c)*,data/benchmark_inputs/abc_random_huge.txt,huge,500000000,parallel,16,0,1.33644690,ACCEPT,,,
full,abc_contains_block,(a|b|c)*(ab*cac*b)(a|b|c)*,data/benchmark_inputs/abc_random_huge.txt,huge,500000000,parallel,16,1,1.33036884,ACCEPT,,,
full,abc_contains_block,(a|b|c)*(ab*cac*b)(a|b|c)*,data/benchmark_inputs/abc_random_huge.txt,huge,500000000,parallel,16,2,1.33785927,ACCEPT,,,
full,abc_contains_block,(a|b|c)*(ab*cac*b)(a|b|c)*,data/benchmark_inputs/abc_random_huge.txt,huge,500000000,pruned,1,0,0.67530023,ACCEPT,,,
full,abc_contains_block,(a|b|c)*(ab*cac*b)(a|b|c)*,data/benchmark_inputs/abc_random_huge.txt,huge,500000000,pruned,1,1,0.69529804,ACCEPT,,,
full,abc_contains_block,(a|b|c)*(ab*cac*b)(a|b|c)*,data/benchmark_inputs/abc_random_huge.txt,huge,500000000,pruned,1,2,0.68051663,ACCEPT,,,
full,abc_contains_block,(a|b|c)*(ab*cac*b)(a|b|c)*,data/benchmark_inputs/abc_random_huge.txt,huge,500000000,pruned,2,0,0.84306418,ACCEPT,3,2,2
full,abc_contains_block,(a|b|c)*(ab*cac*b)(a|b|c)*,data/benchmark_inputs/abc_random_huge.txt,huge,500000000,pruned,2,1,0.85479812,ACCEPT,3,2,2
full,abc_contains_block,(a|b|c)*(ab*cac*b)(a|b|c)*,data/benchmark_inputs/abc_random_huge.txt,huge,500000000,pruned,2,2,0.83908335,ACCEPT,3,2,2
full,abc_contains_block,(a|b|c)*(ab*cac*b)(a|b|c)*,data/benchmark_inputs/abc_random_huge.txt,huge,500000000,pruned,4,0,0.79079451,ACCEPT,3,2.66667,4
full,abc_contains_block,(a|b|c)*(ab*cac*b)(a|b|c)*,data/benchmark_inputs/abc_random_huge.txt,huge,500000000,pruned,4,1,0.76856646,ACCEPT,3,2.66667,4
full,abc_contains_block,(a|b|c)*(ab*cac*b)(a|b|c)*,data/benchmark_inputs/abc_random_huge.txt,huge,500000000,pruned,4,2,0.76486227,ACCEPT,3,2.66667,4
full,abc_contains_block,(a|b|c)*(ab*cac*b)(a|b|c)*,data/benchmark_inputs/abc_random_huge.txt,huge,500000000,pruned,8,0,0.48548545,ACCEPT,3,2.57143,4
full,abc_contains_block,(a|b|c)*(ab*cac*b)(a|b|c)*,data/benchmark_inputs/abc_random_huge.txt,huge,500000000,pruned,8,1,0.48966416,ACCEPT,3,2.57143,4
full,abc_contains_block,(a|b|c)*(ab*cac*b)(a|b|c)*,data/benchmark_inputs/abc_random_huge.txt,huge,500000000,pruned,8,2,0.48968554,ACCEPT,3,2.57143,4
full,abc_contains_block,(a|b|c)*(ab*cac*b)(a|b|c)*,data/benchmark_inputs/abc_random_huge.txt,huge,500000000,pruned,16,0,0.41492212,ACCEPT,3,2.93333,4
full,abc_contains_block,(a|b|c)*(ab*cac*b)(a|b|c)*,data/benchmark_inputs/abc_random_huge.txt,huge,500000000,pruned,16,1,0.40686151,ACCEPT,3,2.93333,4
full,abc_contains_block,(a|b|c)*(ab*cac*b)(a|b|c)*,data/benchmark_inputs/abc_random_huge.txt,huge,500000000,pruned,16,2,0.40092018,ACCEPT,3,2.93333,4
full,abc_contains_block,(a|b|c)*(ab*cac*b)(a|b|c)*,data/benchmark_inputs/abc_random_huge.txt,huge,500000000,sfa,1,0,0.68434547,ACCEPT,,,
full,abc_contains_block,(a|b|c)*(ab*cac*b)(a|b|c)*,data/benchmark_inputs/abc_random_huge.txt,huge,500000000,sfa,1,1,0.68669692,ACCEPT,,,
full,abc_contains_block,(a|b|c)*(ab*cac*b)(a|b|c)*,data/benchmark_inputs/abc_random_huge.txt,huge,500000000,sfa,1,2,0.67913333,ACCEPT,,,
full,abc_contains_block,(a|b|c)*(ab*cac*b)(a|b|c)*,data/benchmark_inputs/abc_random_huge.txt,huge,500000000,sfa,2,0,0.43795504,ACCEPT,,,
full,abc_contains_block,(a|b|c)*(ab*cac*b)(a|b|c)*,data/benchmark_inputs/abc_random_huge.txt,huge,500000000,sfa,2,1,0.44575939,ACCEPT,,,
full,abc_contains_block,(a|b|c)*(ab*cac*b)(a|b|c)*,data/benchmark_inputs/abc_random_huge.txt,huge,500000000,sfa,2,2,0.43533127,ACCEPT,,,
full,abc_contains_block,(a|b|c)*(ab*cac*b)(a|b|c)*,data/benchmark_inputs/abc_random_huge.txt,huge,500000000,sfa,4,0,0.31811218,ACCEPT,,,
full,abc_contains_block,(a|b|c)*(ab*cac*b)(a|b|c)*,data/benchmark_inputs/abc_random_huge.txt,huge,500000000,sfa,4,1,0.32556475,ACCEPT,,,
full,abc_contains_block,(a|b|c)*(ab*cac*b)(a|b|c)*,data/benchmark_inputs/abc_random_huge.txt,huge,500000000,sfa,4,2,0.32148385,ACCEPT,,,
full,abc_contains_block,(a|b|c)*(ab*cac*b)(a|b|c)*,data/benchmark_inputs/abc_random_huge.txt,huge,500000000,sfa,8,0,0.26940131,ACCEPT,,,
full,abc_contains_block,(a|b|c)*(ab*cac*b)(a|b|c)*,data/benchmark_inputs/abc_random_huge.txt,huge,500000000,sfa,8,1,0.26244560,ACCEPT,,,
full,abc_contains_block,(a|b|c)*(ab*cac*b)(a|b|c)*,data/benchmark_inputs/abc_random_huge.txt,huge,500000000,sfa,8,2,0.26698229,ACCEPT,,,
full,abc_contains_block,(a|b|c)*(ab*cac*b)(a|b|c)*,data/benchmark_inputs/abc_random_huge.txt,huge,500000000,sfa,16,0,0.23254761,ACCEPT,,,
full,abc_contains_block,(a|b|c)*(ab*cac*b)(a|b|c)*,data/benchmark_inputs/abc_random_huge.txt,huge,500000000,sfa,16,1,0.23891645,ACCEPT,,,
full,abc_contains_block,(a|b|c)*(ab*cac*b)(a|b|c)*,data/benchmark_inputs/abc_random_huge.txt,huge,500000000,sfa,16,2,0.23283882,ACCEPT,,,
full,abc_contains_block,(a|b|c)*(ab*cac*b)(a|b|c)*,data/benchmark_inputs/abc_random_gigantic.txt,gigantic,1000000000,sequential,1,0,1.32552735,ACCEPT,,,
full,abc_contains_block,(a|b|c)*(ab*cac*b)(a|b|c)*,data/benchmark_inputs/abc_random_gigantic.txt,gigantic,1000000000,sequential,1,1,1.36946228,ACCEPT,,,
full,abc_contains_block,(a|b|c)*(ab*cac*b)(a|b|c)*,data/benchmark_inputs/abc_random_gigantic.txt,gigantic,1000000000,sequential,1,2,1.34961237,ACCEPT,,,
full,abc_contains_block,(a|b|c)*(ab*cac*b)(a|b|c)*,data/benchmark_inputs/abc_random_gigantic.txt,gigantic,1000000000,parallel,1,0,1.35236173,ACCEPT,,,
full,abc_contains_block,(a|b|c)*(ab*cac*b)(a|b|c)*,data/benchmark_inputs/abc_random_gigantic.txt,gigantic,1000000000,parallel,1,1,1.35831146,ACCEPT,,,
full,abc_contains_block,(a|b|c)*(ab*cac*b)(a|b|c)*,data/benchmark_inputs/abc_random_gigantic.txt,gigantic,1000000000,parallel,1,2,1.35562123,ACCEPT,,,
full,abc_contains_block,(a|b|c)*(ab*cac*b)(a|b|c)*,data/benchmark_inputs/abc_random_gigantic.txt,gigantic,1000000000,parallel,2,0,14.34176227,ACCEPT,,,
full,abc_contains_block,(a|b|c)*(ab*cac*b)(a|b|c)*,data/benchmark_inputs/abc_random_gigantic.txt,gigantic,1000000000,parallel,2,1,14.05718524,ACCEPT,,,
full,abc_contains_block,(a|b|c)*(ab*cac*b)(a|b|c)*,data/benchmark_inputs/abc_random_gigantic.txt,gigantic,1000000000,parallel,2,2,13.91350549,ACCEPT,,,
full,abc_contains_block,(a|b|c)*(ab*cac*b)(a|b|c)*,data/benchmark_inputs/abc_random_gigantic.txt,gigantic,1000000000,parallel,4,0,7.16984854,ACCEPT,,,
full,abc_contains_block,(a|b|c)*(ab*cac*b)(a|b|c)*,data/benchmark_inputs/abc_random_gigantic.txt,gigantic,1000000000,parallel,4,1,7.24105929,ACCEPT,,,
full,abc_contains_block,(a|b|c)*(ab*cac*b)(a|b|c)*,data/benchmark_inputs/abc_random_gigantic.txt,gigantic,1000000000,parallel,4,2,7.36044604,ACCEPT,,,
full,abc_contains_block,(a|b|c)*(ab*cac*b)(a|b|c)*,data/benchmark_inputs/abc_random_gigantic.txt,gigantic,1000000000,parallel,8,0,4.22151019,ACCEPT,,,
full,abc_contains_block,(a|b|c)*(ab*cac*b)(a|b|c)*,data/benchmark_inputs/abc_random_gigantic.txt,gigantic,1000000000,parallel,8,1,4.42677478,ACCEPT,,,
full,abc_contains_block,(a|b|c)*(ab*cac*b)(a|b|c)*,data/benchmark_inputs/abc_random_gigantic.txt,gigantic,1000000000,parallel,8,2,4.41903911,ACCEPT,,,
full,abc_contains_block,(a|b|c)*(ab*cac*b)(a|b|c)*,data/benchmark_inputs/abc_random_gigantic.txt,gigantic,1000000000,parallel,16,0,2.77502675,ACCEPT,,,
full,abc_contains_block,(a|b|c)*(ab*cac*b)(a|b|c)*,data/benchmark_inputs/abc_random_gigantic.txt,gigantic,1000000000,parallel,16,1,2.78941081,ACCEPT,,,
full,abc_contains_block,(a|b|c)*(ab*cac*b)(a|b|c)*,data/benchmark_inputs/abc_random_gigantic.txt,gigantic,1000000000,parallel,16,2,2.77595470,ACCEPT,,,
full,abc_contains_block,(a|b|c)*(ab*cac*b)(a|b|c)*,data/benchmark_inputs/abc_random_gigantic.txt,gigantic,1000000000,pruned,1,0,1.34826761,ACCEPT,,,
full,abc_contains_block,(a|b|c)*(ab*cac*b)(a|b|c)*,data/benchmark_inputs/abc_random_gigantic.txt,gigantic,1000000000,pruned,1,1,1.36971188,ACCEPT,,,
full,abc_contains_block,(a|b|c)*(ab*cac*b)(a|b|c)*,data/benchmark_inputs/abc_random_gigantic.txt,gigantic,1000000000,pruned,1,2,1.36620719,ACCEPT,,,
full,abc_contains_block,(a|b|c)*(ab*cac*b)(a|b|c)*,data/benchmark_inputs/abc_random_gigantic.txt,gigantic,1000000000,pruned,2,0,1.73296247,ACCEPT,3,2,2
full,abc_contains_block,(a|b|c)*(ab*cac*b)(a|b|c)*,data/benchmark_inputs/abc_random_gigantic.txt,gigantic,1000000000,pruned,2,1,1.71809871,ACCEPT,3,2,2
full,abc_contains_block,(a|b|c)*(ab*cac*b)(a|b|c)*,data/benchmark_inputs/abc_random_gigantic.txt,gigantic,1000000000,pruned,2,2,1.74393287,ACCEPT,3,2,2
full,abc_contains_block,(a|b|c)*(ab*cac*b)(a|b|c)*,data/benchmark_inputs/abc_random_gigantic.txt,gigantic,1000000000,pruned,4,0,1.08912842,ACCEPT,3,2,2
full,abc_contains_block,(a|b|c)*(ab*cac*b)(a|b|c)*,data/benchmark_inputs/abc_random_gigantic.txt,gigantic,1000000000,pruned,4,1,1.08779766,ACCEPT,3,2,2
full,abc_contains_block,(a|b|c)*(ab*cac*b)(a|b|c)*,data/benchmark_inputs/abc_random_gigantic.txt,gigantic,1000000000,pruned,4,2,1.08967268,ACCEPT,3,2,2
full,abc_contains_block,(a|b|c)*(ab*cac*b)(a|b|c)*,data/benchmark_inputs/abc_random_gigantic.txt,gigantic,1000000000,pruned,8,0,0.98900999,ACCEPT,3,2.28571,4
full,abc_contains_block,(a|b|c)*(ab*cac*b)(a|b|c)*,data/benchmark_inputs/abc_random_gigantic.txt,gigantic,1000000000,pruned,8,1,0.98365585,ACCEPT,3,2.28571,4
full,abc_contains_block,(a|b|c)*(ab*cac*b)(a|b|c)*,data/benchmark_inputs/abc_random_gigantic.txt,gigantic,1000000000,pruned,8,2,0.99248570,ACCEPT,3,2.28571,4
full,abc_contains_block,(a|b|c)*(ab*cac*b)(a|b|c)*,data/benchmark_inputs/abc_random_gigantic.txt,gigantic,1000000000,pruned,16,0,0.77037537,ACCEPT,3,2.4,4
full,abc_contains_block,(a|b|c)*(ab*cac*b)(a|b|c)*,data/benchmark_inputs/abc_random_gigantic.txt,gigantic,1000000000,pruned,16,1,0.77724004,ACCEPT,3,2.4,4
full,abc_contains_block,(a|b|c)*(ab*cac*b)(a|b|c)*,data/benchmark_inputs/abc_random_gigantic.txt,gigantic,1000000000,pruned,16,2,0.79928443,ACCEPT,3,2.4,4
full,abc_contains_block,(a|b|c)*(ab*cac*b)(a|b|c)*,data/benchmark_inputs/abc_random_gigantic.txt,gigantic,1000000000,sfa,1,0,1.36838455,ACCEPT,,,
full,abc_contains_block,(a|b|c)*(ab*cac*b)(a|b|c)*,data/benchmark_inputs/abc_random_gigantic.txt,gigantic,1000000000,sfa,1,1,1.36716187,ACCEPT,,,
full,abc_contains_block,(a|b|c)*(ab*cac*b)(a|b|c)*,data/benchmark_inputs/abc_random_gigantic.txt,gigantic,1000000000,sfa,1,2,1.36482690,ACCEPT,,,
full,abc_contains_block,(a|b|c)*(ab*cac*b)(a|b|c)*,data/benchmark_inputs/abc_random_gigantic.txt,gigantic,1000000000,sfa,2,0,0.89127749,ACCEPT,,,
full,abc_contains_block,(a|b|c)*(ab*cac*b)(a|b|c)*,data/benchmark_inputs/abc_random_gigantic.txt,gigantic,1000000000,sfa,2,1,0.88902651,ACCEPT,,,
full,abc_contains_block,(a|b|c)*(ab*cac*b)(a|b|c)*,data/benchmark_inputs/abc_random_gigantic.txt,gigantic,1000000000,sfa,2,2,0.88674970,ACCEPT,,,
full,abc_contains_block,(a|b|c)*(ab*cac*b)(a|b|c)*,data/benchmark_inputs/abc_random_gigantic.txt,gigantic,1000000000,sfa,4,0,0.66482665,ACCEPT,,,
full,abc_contains_block,(a|b|c)*(ab*cac*b)(a|b|c)*,data/benchmark_inputs/abc_random_gigantic.txt,gigantic,1000000000,sfa,4,1,0.68006081,ACCEPT,,,
full,abc_contains_block,(a|b|c)*(ab*cac*b)(a|b|c)*,data/benchmark_inputs/abc_random_gigantic.txt,gigantic,1000000000,sfa,4,2,0.65826504,ACCEPT,,,
full,abc_contains_block,(a|b|c)*(ab*cac*b)(a|b|c)*,data/benchmark_inputs/abc_random_gigantic.txt,gigantic,1000000000,sfa,8,0,0.55037889,ACCEPT,,,
full,abc_contains_block,(a|b|c)*(ab*cac*b)(a|b|c)*,data/benchmark_inputs/abc_random_gigantic.txt,gigantic,1000000000,sfa,8,1,0.55245057,ACCEPT,,,
full,abc_contains_block,(a|b|c)*(ab*cac*b)(a|b|c)*,data/benchmark_inputs/abc_random_gigantic.txt,gigantic,1000000000,sfa,8,2,0.54821989,ACCEPT,,,
full,abc_contains_block,(a|b|c)*(ab*cac*b)(a|b|c)*,data/benchmark_inputs/abc_random_gigantic.txt,gigantic,1000000000,sfa,16,0,0.48472430,ACCEPT,,,
full,abc_contains_block,(a|b|c)*(ab*cac*b)(a|b|c)*,data/benchmark_inputs/abc_random_gigantic.txt,gigantic,1000000000,sfa,16,1,0.49073223,ACCEPT,,,
full,abc_contains_block,(a|b|c)*(ab*cac*b)(a|b|c)*,data/benchmark_inputs/abc_random_gigantic.txt,gigantic,1000000000,sfa,16,2,0.47963428,ACCEPT,,,
